Faculty/College;Programme;Academic_Plan_Code;SAQA_ID;NQF_Level;Qualification_Type;Duration_Years;Campus;Min_APS;English_Requirement;Mathematics_Requirement;MathLit_Accepted;Life_Sciences_Requirement;Physical_Sciences_Requirement;Additional_Subject_Requirements;Subject_to_Selection/Access_Extended;Special_Notes;Source;;;;;;;;;;;;;;
APS NOTE;CPUT uses a PERCENTAGE-BASED APS (not the 7-point NSC scale). Three methods apply: Method 1 = sum of best 6 subject percentages ÷ 10 (Life Orientation excluded). Method 2 = (English% + Maths%×2 + PhysSci%×2 + best other subject%) ÷ 10. Method 3 = (English% + Maths%×2 + Acc%×2 + 3 other subjects%) ÷ 10. NSC achievement levels: L7=80-100%;L6=70-79%;L5=60-69%;L4=50-59%;L3=40-49%;L2=30-39%. Min APS shown is MAINSTREAM. ECP (Extended Curriculum Programme) has lower APS threshold — see Special_Notes per programme. Meeting minimum requirements does not guarantee admission. Applications are online and free. General closing date: 30 September 2025.;;;;;;;;;;;;;;;;;;;;;;;;;
Faculty of Applied Sciences;Diploma in Agriculture;;;6;Diploma;3;Bellville;30 with Maths (APS Method 1);Level 4 (50%+);Level 3 (40%+) Maths OR Level 4 (50%+) Tech Maths;No;Level 4 (50%+);Level 4 (50%+) - OR Life Sciences accepted as alternative;;ECP;ECP APS: 28 with Maths;29 with Tech Maths. Mainstream: 30 with Maths;31 with Tech Maths. Life Sciences OR Physical Sciences required (one is sufficient). APS Method 1.;https://www.universityinfo.co.za/prospectus/cput-prospectus.pdf;;;;;;;;;;;;
Faculty of Applied Sciences;Diploma in Agricultural Management;;;6;Diploma;3;Bellville;30 with Maths (APS Method 1);Level 4 (50%+);Level 3 (40%+) Maths OR Level 4 (50%+) Tech Maths;Yes - Level 5 (60%+) MathLit;Level 4 (50%+);Level 4 (50%+) - OR Life Sciences accepted as alternative;;ECP;ECP APS: 28(Maths)/29(TM)/30(ML). Mainstream: 30(Maths)/31(TM)/32(ML). Life Sciences OR Physical Sciences required. APS Method 1.;https://www.universityinfo.co.za/prospectus/cput-prospectus.pdf;;;;;;;;;;;;;;
Faculty of Applied Sciences;Diploma in Analytical Chemistry;;;6;Diploma;3;Bellville;30 with Maths (APS Method 1);Level 4 (50%+);Level 4 (50%+) Maths OR Level 5 (60%+) Tech Maths;No;;Level 4 (50%+);45% or above in Maths or Physical Sciences if the other is 50%+;ECP;ECP APS: 28(Maths)/29(TM). Mainstream: 30(Maths)/31(TM). MathLit not accepted. APS Method 1. Minimum 45% flexibility clause applies.;https://www.universityinfo.co.za/prospectus/cput-prospectus.pdf;;;;;;;;;;;;;;
Faculty of Applied Sciences;Diploma in Biotechnology;;;6;Diploma;3;Bellville;30 with Maths (APS Method 1);Level 4 (50%+);Level 4 (50%+) Maths OR Level 5 (60%+) Tech Maths;No;Level 4 (50%+);Level 4 (50%+);45% or above in any of Maths/PhysSci/LifeSci if the other three are 50%+;ECP;ECP APS: 28(Maths)/29(TM). Mainstream: 30(Maths)/31(TM). MathLit not accepted. APS Method 1.;https://www.universityinfo.co.za/prospectus/cput-prospectus.pdf;;;;;;;;;;;;;;
Faculty of Applied Sciences;Diploma in Consumer Science: Food & Nutrition;;;6;Diploma;3;Bellville;28 with Maths (APS Method 1);Level 4 (50%+);Level 3 (40%+) Maths OR Level 4 (50%+) Tech Maths;No;;Level 4 (50%+);45% or above in Maths or Physical Sciences if the other is 50%+;ECP;ECP APS: 26(Maths)/27(TM). Mainstream: 28(Maths)/29(TM). MathLit not accepted. APS Method 1.;https://www.universityinfo.co.za/prospectus/cput-prospectus.pdf;;;;;;;;;;;;;;
Faculty of Applied Sciences;Diploma in Environmental Management;;;6;Diploma;3;Bellville;28 with Maths (APS Method 1);Level 4 (50%+);Level 3 (40%+) Maths OR Level 4 (50%+) Tech Maths;Yes - Level 5 (60%+) MathLit;Level 4 (50%+);Level 3 (40%+) Physical Sciences;Geography (Level 4) OR Life Sciences (Level 4) also required. Any other 2 subjects at L3 excl. Life Orientation.;ECP;ECP APS: 26(Maths)/27(TM)/28(ML). Mainstream: 28(Maths)/29(TM)/30(ML). MathLit accepted. APS Method 1. Geography or Life Sciences compulsory.;https://www.universityinfo.co.za/prospectus/cput-prospectus.pdf;;;;;;;;;;;;;;
Faculty of Applied Sciences;Bachelor of Environmental Health;;;7;Bachelor's Degree;4;Bellville;32 with Maths (APS Method 1);Level 4 (50%+);Level 4 (50%+) Maths OR Level 5 (60%+) Tech Maths;No;Level 4 (50%+);Level 4 (50%+);Two other subjects at Level 4 (50%+) excl. Life Orientation;ECP;ECP APS: 30(Maths)/31(TM). Mainstream: 32(Maths)/33(TM). MathLit not accepted. APS Method 1. Two additional subjects at L4 compulsory.;https://www.universityinfo.co.za/prospectus/cput-prospectus.pdf;;;;;;;;;;;;;;
Faculty of Applied Sciences;Bachelor of Food Science & Technology;;;7;Bachelor's Degree;4;Bellville;32 with Maths (APS Method 1);Level 4 (50%+);Level 4 (50%+) Maths OR Level 5 (60%+) Tech Maths;No;Level 3 (40%+);Level 4 (50%+);Two other subjects (excl. languages) at Level 3 (40%+);No ECP;Mainstream only: 32(Maths)/33(TM). MathLit not accepted. APS Method 1. Life Sciences at L3 (lower than other science programmes). Two additional subjects at L3 compulsory.;https://www.universityinfo.co.za/prospectus/cput-prospectus.pdf;;;;;;;;;;;;;;
Faculty of Applied Sciences;Diploma in Marine Science;;;6;Diploma;3;Bellville;30 with Maths (APS Method 1);Level 4 (50%+);Level 4 (50%+) Maths OR Level 5 (60%+) Tech Maths;No;;Level 4 (50%+);45% or above in Maths or Physical Sciences if the other is 50%+;ECP;ECP APS: 28(Maths)/29(TM). Mainstream: 30(Maths)/31(TM). MathLit not accepted. APS Method 1.;https://www.universityinfo.co.za/prospectus/cput-prospectus.pdf;;;;;;;;;;;;;;
Faculty of Applied Sciences;Diploma in Nature Conservation;;;6;Diploma;3;Bellville;30 with Maths (APS Method 1);Level 4 (50%+);Level 3 (40%+) Maths OR Level 4 (50%+) Tech Maths;Yes - Level 5 (60%+) MathLit;;;No compulsory Life Sciences or Physical Sciences — but see notes;ECP;ECP APS: 28(Maths)/29(TM)/30(ML). Mainstream: 30(Maths)/31(TM)/32(ML). MathLit accepted. APS Method 1.;https://www.universityinfo.co.za/prospectus/cput-prospectus.pdf;;;;;;;;;;;;;;
Faculty of Applied Sciences;Diploma in Mathematical Sciences;;;6;Diploma;3;Bellville;28 with Maths (APS Method 1);Level 4 (50%+);Level 4 (50%+) Maths OR Level 5 (60%+) Tech Maths;No;;;One of: Physical Sciences (L4);OR Accounting (L4);OR Business Studies (L4);OR Economics (L4);OR Geography (L4). Minimum 40% in chosen optional subject accepted.;ECP;ECP APS: 26(Maths)/27(TM). Mainstream: 28(Maths)/29(TM). MathLit not accepted. APS Method 1. No Life Sci or Phys Sci compulsory — one commerce/science elective required instead.;https://www.universityinfo.co.za/prospectus/cput-prospectus.pdf;;;;;;;;;;
Faculty of Applied Sciences;Diploma in Horticulture;;;6;Diploma;3;Bellville;30 with Maths (APS Method 1);Level 4 (50%+);Level 3 (40%+) Maths OR Level 4 (50%+) Tech Maths;Yes - Level 5 (60%+) MathLit;Level 4 (50%+) — L3 may allow Foundation entry;;;ECP;ECP APS: 28(Maths)/29(TM)/30(ML). Mainstream: 30(Maths)/31(TM)/32(ML). MathLit accepted. APS Method 1. Students with L3 Life Sciences may be admitted to Foundation Programme subject to space.;https://www.universityinfo.co.za/prospectus/cput-prospectus.pdf;;;;;;;;;;;;;;
Faculty of Applied Sciences;Diploma in Landscape Architecture;;;6;Diploma;3;Bellville;30 with Maths (APS Method 1);Level 4 (50%+);Level 3 (40%+) Maths OR Level 4 (50%+) Tech Maths;Yes - Level 5 (60%+) MathLit;Level 4 (50%+) — L3 may allow Foundation entry;;;ECP;ECP APS: 28(Maths)/29(TM)/30(ML). Mainstream: 30(Maths)/31(TM)/32(ML). MathLit accepted. APS Method 1. Students with L3 Life Sciences may be admitted to Foundation Programme subject to space.;https://www.universityinfo.co.za/prospectus/cput-prospectus.pdf;;;;;;;;;;;;;;
Faculty of Business and Management Sciences;Diploma in Accountancy;;;6;Diploma;3;Bellville (primary);38 (APS Method 3 — Maths and Accounting doubled);Level 4 (50%+);Level 3 (40%+) Maths;Yes - Level 5 (60%+) MathLit (alternative);; ;English (4) AND one of: Maths L3 OR MathLit L5 OR Accounting L4. Maths and Accounting percentages are each doubled in Method 3 calculation.;ECP;APS 38 (Method 3). Maths (excl. MathLit) and Accounting each multiplied by 2 in APS calculation. Contact business@cput.ac.za for queries.;https://www.universityinfo.co.za/prospectus/cput-prospectus.pdf;;;;;;;;;;;;;;
Faculty of Business and Management Sciences;Diploma in Accountancy (Extended);;;6;Diploma (Extended);4;Bellville (primary);36 (APS Method 3);Level 4 (50%+);Level 3 (40%+) Maths;Yes - Level 4 (50%+) MathLit (alternative);;;English (4) AND one of: Maths L3 OR MathLit L4 OR Accounting L3. Maths and Accounting percentages doubled in Method 3.;Extended;APS 36 (Method 3). Extended programme (4 years instead of 3).;https://www.universityinfo.co.za/prospectus/cput-prospectus.pdf;;;;;;;;;;;;;;
Faculty of Business and Management Sciences;Diploma in Entrepreneurship;;;6;Diploma;3;Bellville (primary);26 (APS Method 1);Level 4 (50%+);Level 2 (30%+) Maths;Yes - Level 4 (50%+) MathLit;;;Including one of: Business Studies (L4);Economics (L4);Accounting (L4);Consumer Studies (L4). Tech Maths at L5 also considered.;ECP;APS 26 (Method 1). MathLit or Technical Maths accepted. One commerce subject compulsory at L4. Contact business@cput.ac.za.;https://www.universityinfo.co.za/prospectus/cput-prospectus.pdf;;;;;;;;;;;
Faculty of Business and Management Sciences;Diploma in Entrepreneurship (Extended);;;6;Diploma (Extended);4;Bellville (primary);22 (APS Method 1);Level 4 (50%+);Level 2 (30%+) Maths;Yes - Level 4 (50%+) MathLit;;;Including one of: Business Studies (L4);Economics (L4);Accounting (L4);Consumer Studies (L4).;Extended;APS 22 (Method 1). Extended programme (4 years).;https://www.universityinfo.co.za/prospectus/cput-prospectus.pdf;;;;;;;;;;;
Faculty of Business and Management Sciences;Diploma in Banking;;;6;Diploma;3;Contact Classes (part-time);24 with Maths / 26 with MathLit (APS Method 1);Level 4 (50%+);Level 3 (40%+) Maths;Yes - Level 4 (50%+) MathLit;;;Including one of: ICT and Accounting; OR Economics; OR Business Studies; OR Consumer Studies; OR Management Practice; OR Financial Management;OR Marketing — all at NQF Level 4. All part-time; must provide proof of full-time employment preferably in banking.;Selection;APS 24(Maths)/26(ML) (Method 1). Contact classes (part-time). Employment letter required. Contact business@cput.ac.za.;https://www.universityinfo.co.za/prospectus/cput-prospectus.pdf;;;;;;;
Faculty of Business and Management Sciences;Bachelor of Business Informatics;;;7;Bachelor's Degree;4;Bellville (primary);25 with Maths / 27 with MathLit (APS Method 1);Level 4 (50%+);Level 3 (40%+) Maths;Yes - Level 4 (50%+) MathLit;;;No additional compulsory subjects. NCV requirements: 60-69% in 3 fundamental subjects and 60% in 4 vocational subjects.;No;APS 25(Maths)/27(ML) (Method 1). MathLit accepted. Contact business@cput.ac.za.;https://www.universityinfo.co.za/prospectus/cput-prospectus.pdf;;;;;;;;;;;;;;
Faculty of Business and Management Sciences;Diploma in Human Resources Management;;;6;Diploma;3;Bellville (primary); ; ;26 with Maths / 28 with MathLit (APS Method 1);Level 4 (50%+);Level 2 (30%+) Maths;Yes - Level 4 (50%+) MathLit;;;Including one of: Economics; Business Studies; Accounting (no rating required). Part-time applicants: proof of full-time employment in HR environment.;ECP;APS 26(Maths)/28(ML) (Method 1). Extended version available. Contact business@cput.ac.za.;https://www.universityinfo.co.za/prospectus/cput-prospectus.pdf;;;;;;;;;;
Faculty of Business and Management Sciences;Diploma in Human Resources Management (Extended);;;6;Diploma (Extended);4;Bellville (primary);24 with Maths / 26 with MathLit (APS Method 1);Level 4 (50%+);Level 2 (30%+) Maths;Yes - Level 4 (50%+) MathLit;;;Including one of: Economics; Business Studies; Accounting (no rating required).;Extended;APS 24(Maths)/26(ML) (Method 1). Extended programme (4 years).;https://www.universityinfo.co.za/prospectus/cput-prospectus.pdf;;;;;;;;;;;;
Faculty of Business and Management Sciences;Diploma in Management;;;6;Diploma;3;Bellville (primary);28 with Maths / 30 with MathLit (APS Method 1);Level 4 (50%+);Level 2 (30%+) Maths;Yes - Level 4 (50%+) MathLit;;;Including one of: Economics; Business Studies; Accounting (no rating required). Part-time: full-time employment letter + relevant supervisory/management experience.;ECP;APS 28(Maths)/30(ML) (Method 1). Extended version available.;https://www.universityinfo.co.za/prospectus/cput-prospectus.pdf;;;;;;;;;;;;
Faculty of Business and Management Sciences;Diploma in Management (Extended);;;6;Diploma (Extended);4;Bellville (primary);24 with Maths / 26 with MathLit (APS Method 1);Level 4 (50%+);Level 2 (30%+) Maths;Yes - Level 4 (50%+) MathLit;;;Including one of: Economics; Business Studies; Accounting (no rating required).;Extended;APS 24(Maths)/26(ML) (Method 1). Extended programme (4 years).;https://www.universityinfo.co.za/prospectus/cput-prospectus.pdf;;;;;;;;;;;;
Faculty of Business and Management Sciences;Diploma in Marketing;;;6;Diploma;3;Bellville (primary);;26 with Maths / 28 with MathLit (APS Method 1);Level 4 (50%+);Level 2 (30%+) Maths;Yes - Level 4 (50%+) MathLit;;;Including one of: Business Studies; Accounting;Economics — each at Level 4. Part-time: full-time employment + relevant marketing experience.;ECP;APS 26(Maths)/28(ML) (Method 1). Extended version available.;https://www.universityinfo.co.za/prospectus/cput-prospectus.pdf;;;;;;;;;;;
Faculty of Business and Management Sciences;Diploma in Marketing (Extended);;;6;Diploma (Extended);4;Bellville (primary);24 with Maths / 26 with MathLit (APS Method 1);Level 4 (50%+);Level 2 (30%+) Maths;Yes - Level 4 (50%+) MathLit;;;Including one of: Business Studies; Accounting;Economics — each at Level 4.;Extended;APS 24(Maths)/26(ML) (Method 1). Extended programme (4 years).;https://www.universityinfo.co.za/prospectus/cput-prospectus.pdf;;;;;;;;;;;;
Faculty of Business and Management Sciences;Diploma in Business & Information Administration;;;6;Diploma;3;Bellville (primary);26 with Maths / 28 with MathLit (APS Method 1);Level 4 (50%+);Level 2 (30%+) Maths;Yes - Level 4 (50%+) MathLit;;;Including one of: Business Studies; Economics; Accounting; CAT;IT (no rating required). Part-time: employment letter + 2-page CV.;ECP;APS 26(Maths)/28(ML) (Method 1). Foundation version available.;https://www.universityinfo.co.za/prospectus/cput-prospectus.pdf;;;;;;;;;;
Faculty of Business and Management Sciences;Diploma in Business & Information Administration (Foundation);;;6;Diploma (Foundation);3;Bellville (primary);24 with Maths / 26 with MathLit (APS Method 1);Level 4 (50%+);Level 2 (30%+) Maths;Yes - Level 4 (50%+) MathLit;;;Including one of: Business Studies; Economics; Accounting; CAT; IT.;Extended;APS 24(Maths)/26(ML) (Method 1). Foundation year before full diploma.;https://www.universityinfo.co.za/prospectus/cput-prospectus.pdf;;;;;;;;;;
Faculty of Business and Management Sciences;Diploma in Operations Management;;;6;Diploma;3;Bellville (primary);28 (APS Method 1);Level 4 (50%+);Level 3 (40%+) Maths — pure Mathematics ONLY;No;;;No MathLit or Technical Maths accepted for this programme.;No;APS 28 (Method 1). Pure Mathematics compulsory — MathLit and Technical Maths NOT accepted.;https://www.universityinfo.co.za/prospectus/cput-prospectus.pdf;;;;;;;;;;;;;;
Faculty of Business and Management Sciences;Diploma in Public Administration;;;6;Diploma;3;Bellville (primary);28 (APS Method 1);Level 4 (50%+);Level 2 (30%+) Maths;Yes - Level 4 (50%+) MathLit;;;Including one of: Economics L3 (40%);Business Studies L3 (40%);Accounting L3 (40%). Part-time: preferably employed in public sector.;ECP;APS 28 (Method 1). Extended version available.;https://www.universityinfo.co.za/prospectus/cput-prospectus.pdf;;;;;;;;;;;;
Faculty of Business and Management Sciences;Diploma in Public Administration (Extended);;;6;Diploma (Extended);4;Bellville (primary);24 (APS Method 1);Level 4 (50%+);Level 2 (30%+) Maths;Yes - Level 3 (40%+) MathLit;;;Including one of: Economics L2 (30%);Business Studies L2 (30%);Accounting L2 (30%).;Extended;APS 24 (Method 1). Extended programme (4 years).;https://www.universityinfo.co.za/prospectus/cput-prospectus.pdf;;;;;;;;;;;;
Faculty of Business and Management Sciences;Diploma in Retail Business Management;;;6;Diploma;3;Bellville (primary);26 (APS Method 1);Level 4 (50%+);Level 2 (30%+) Maths;Yes - Level 4 (50%+) MathLit;;;No additional compulsory subjects. NSC with 3+ years relevant retail experience also considered.;No;APS 26 (Method 1). Prior retail experience may substitute for some requirements.;https://www.universityinfo.co.za/prospectus/cput-prospectus.pdf;;;;;;;;;;;;;;
Faculty of Business and Management Sciences;Diploma in Tourism Management;;;6;Diploma;3;Bellville (primary);28 with Maths / 30 with MathLit (APS Method 1);Level 4 (50%+);Level 2 (30%+) Maths;Yes - Level 4 (50%+) MathLit;;;Including one of: Tourism; Economics; Hospitality Studies; Business Studies; Accounting; Consumer Studies; History; Geography (no rating required). Motivation letter required.;ECP;APS 28(Maths)/30(ML) (Method 1). Extended version available. Motivation letter about industry understanding required.;https://www.universityinfo.co.za/prospectus/cput-prospectus.pdf;;;;;;;
Faculty of Business and Management Sciences;Diploma in Tourism Management (Extended);;;6;Diploma (Extended);4;Bellville (primary);24 with Maths / 26 with MathLit (APS Method 1);Level 4 (50%+);Level 2 (30%+) Maths;Yes - Level 4 (50%+) MathLit;;;Including one of: Tourism; Economics; Hospitality Studies; Business Studies; Accounting; Consumer Studies; History; Geography.;Extended;APS 24(Maths)/26(ML) (Method 1). Extended programme (4 years).;https://www.universityinfo.co.za/prospectus/cput-prospectus.pdf;;;;;;;
Faculty of Business and Management Sciences;Diploma in Events Management;;;6;Diploma;3;Bellville (primary);28 with Maths / 30 with MathLit (APS Method 1);Level 4 (50%+);Level 2 (30%+) Maths;Yes - Level 4 (50%+) MathLit;;;Including one of: Tourism; Economics; Hospitality Studies; Business Studies; Accounting; CAT; IT (no rating required). Motivation letter required.;ECP;APS 28(Maths)/30(ML) (Method 1). Extended version available. Motivation letter required.;https://www.universityinfo.co.za/prospectus/cput-prospectus.pdf;;;;;;;;
Faculty of Business and Management Sciences;Diploma in Events Management (Extended);;;6;Diploma (Extended);4;Bellville (primary);24 with Maths / 26 with MathLit (APS Method 1);Level 4 (50%+);Level 2 (30%+) Maths;Yes - Level 4 (50%+) MathLit;;;Including one of: Tourism; Economics; Hospitality Studies; Business Studies; Accounting; CAT; IT.;Extended;APS 24(Maths)/26(ML) (Method 1). Extended programme (4 years).;https://www.universityinfo.co.za/prospectus/cput-prospectus.pdf;;;;;;;;
Faculty of Business and Management Sciences;Diploma in Sport and Leisure Management;;;6;Diploma;3;Bellville (primary);25 with Maths / 27 with MathLit (APS Method 1);Level 4 (50%+);Level 2 (30%+) Maths;Yes - Level 4 (50%+) MathLit;;;Non-Academic Review Component form required (sport involvement and background). Participation at national/provincial level is a recommendation.;Selection;APS 25(Maths)/27(ML) (Method 1). Selection process includes non-academic sport review form. Extended version available.;https://www.universityinfo.co.za/prospectus/cput-prospectus.pdf;;;;;;;;;;;;;;
Faculty of Business and Management Sciences;Diploma in Sport and Leisure Management (Extended);;;6;Diploma (Extended);4;Bellville (primary);23 with Maths / 25 with MathLit (APS Method 1);Level 4 (50%+);Level 2 (30%+) Maths;Yes - Level 4 (50%+) MathLit;;;Non-Academic Review Component form required.;Extended;APS 23(Maths)/25(ML) (Method 1). Extended programme (4 years). Non-academic review form required.;https://www.universityinfo.co.za/prospectus/cput-prospectus.pdf;;;;;;;;;;;;;;
Faculty of Business and Management Sciences;Diploma in Hospitality and Hotel Management;;;6;Diploma;3;Cape Town Hotel School;26 with Maths / 28 with MathLit (APS Method 1);Level 4 (50%+);Level 2 (30%+) Maths;Yes - Level 4 (50%+) MathLit;;;Including one of: Accounting; Consumer Studies; Business Studies; Hospitality Studies; Life Sciences; Tourism (no rating required). Work experience recommended. One-on-one discussion with prospective students.;Selection;APS 26(Maths)/28(ML) (Method 1). Cape Town Hotel School campus. Work experience recommended.;https://www.universityinfo.co.za/prospectus/cput-prospectus.pdf;;;;;;;;;
Faculty of Business and Management Sciences;Diploma in Hospitality and Food & Beverage Management;;;6;Diploma;3;Cape Town Hotel School;26 with Maths / 28 with MathLit (APS Method 1);Level 4 (50%+);Level 2 (30%+) Maths;Yes - Level 4 (50%+) MathLit;;;Including one of: Accounting; Consumer Studies; Business Studies; Hospitality Studies; Life Sciences; Tourism (no rating required). Work experience recommended.;Selection;APS 26(Maths)/28(ML) (Method 1). Cape Town Hotel School campus. Work experience recommended.;https://www.universityinfo.co.za/prospectus/cput-prospectus.pdf;;;;;;;;;
Faculty of Business and Management Sciences;Diploma in Hospitality Management & Professional Cookery;;;6;Diploma;3;Cape Town Hotel School;26 with Maths / 28 with MathLit (APS Method 1);Level 4 (50%+);Level 2 (30%+) Maths;Yes - Level 4 (50%+) MathLit;;;Including one of: Accounting; Consumer Studies; Business Studies; Hospitality Studies; Life Sciences; Tourism (no rating required). Work experience recommended.;Selection;APS 26(Maths)/28(ML) (Method 1). Cape Town Hotel School campus. Work experience recommended.;https://www.universityinfo.co.za/prospectus/cput-prospectus.pdf;;;;;;;;;
Faculty of Business and Management Sciences;Diploma in Real Estate;;;6;Diploma;3;Bellville (primary);26 (APS Method 1);Level 4 (50%+);Level 2 (30%+) Maths;Yes - Level 4 (50%+) MathLit;;;Including one of (for full-time): Economics; Business Studies;Accounting — at Level 4. Part-time: full-time employment + relevant real estate experience.;No;APS 26 (Method 1). Part-time option requires relevant real estate experience.;https://www.universityinfo.co.za/prospectus/cput-prospectus.pdf;;;;;;;;;;;;
Faculty of Business and Management Sciences;Bachelor of Paralegal Studies;;;7;Bachelor's Degree;4;Bellville (primary);30 (APS Method 1);Level 4 (50%+);Level 3 (40%+) Maths;Yes - Level 4 (50%+) MathLit;;;One official SA language at Level 4 (excluding English) is compulsory.;Selection;APS 30 (Method 1). A second official SA language compulsory at L4. Contact business@cput.ac.za.;https://www.universityinfo.co.za/prospectus/cput-prospectus.pdf;;;;;;;;;;;;;;
Faculty of Education;BEd Foundation Phase Teaching;;;7;Bachelor's Degree;4;"Mowbray Campus (English); Wellington Campus (Afrikaans)";32 (APS Method 1);Home Language Level 4;First Additional Language Level 3 — one must be the LoLT;Level 4 (50%+) Maths OR Level 5 (70%+) MathLit;Yes - MathLit at Level 5 (70%+);Level 4 (50%+) in subjects related to electives (e.g. Life Sciences);;Home Language (L4) and First Additional Language (L3); at least one must be the language of instruction at CPUT. One of the languages must be Afrikaans or IsiXhosa.;Selection - early closing date;EARLY CLOSING DATE. APS 32 (Method 1). Limited spaces — admission not guaranteed. Selection includes academic assessment and possible interview. NCV applications also considered (at least 60% in 3 fundamental subjects and 70% in 4 vocational subjects).;https://www.universityinfo.co.za/prospectus/cput-prospectus.pdf;;;;;;;;;;;;
Faculty of Education;BEd Intermediate Phase Teaching;;;7;Bachelor's Degree;4;"Mowbray Campus (English); Wellington Campus (Afrikaans)";32 (APS Method 1);Home Language Level 4;First Additional Language Level 3;Level 4 (50%+) Maths OR Level 5 (70%+) MathLit;Yes - MathLit at Level 5 (70%+);Level 4 (50%+) in subjects related to electives;;Home Language (L4) and First Additional Language (L3). Grade 4-7 teaching specialisation.;Selection - early closing date;EARLY CLOSING DATE. APS 32 (Method 1). Limited spaces. Selection may include academic assessment and interviews.;https://www.universityinfo.co.za/prospectus/cput-prospectus.pdf;;;;;;;;;;;;;
Faculty of Education;BEd Senior Phase and FET Teaching;;;7;Bachelor's Degree;4;"Mowbray Campus (English); Wellington Campus (Afrikaans — Afrikaans only at Wellington)";32 (APS Method 1);Home Language Level 4;First Additional Language Level 3;Level 4 (50%+) Maths if choosing Maths elective — otherwise Level 4 Maths or MathLit;Yes - MathLit at Level 4 (60%+) if not choosing Maths elective;;;FET electives available: Business Studies; Economics; Accounting; English; Afrikaans; IsiXhosa; Maths; MathLit; Physics; Chemistry; Life Sciences; CAT; Engineering Graphic Design;Technology. If Maths/Accounting/PhysSci/LifeSci/MathLit (60%) chosen as elective then L4 (50%) required in that subject.;Selection - early closing date;EARLY CLOSING DATE. APS 32 (Method 1). Limited spaces — admission not guaranteed. Grades 8-12 teaching.;https://www.universityinfo.co.za/prospectus/cput-prospectus.pdf
;;;;;;;;;;;;;;;;;;;;;;;;;;;;;;;
;;;;;;;;;;;;;;;;;;;;;;;;;;;;;;;
;;;;8;Postgraduate Certificate;1;Mowbray;;;;;;;;;;;;;;;;;;;;;;;;
Faculty of Health and Wellness Sciences;BHSc in Medical Laboratory Sciences;;;7;Bachelor's Degree;4;Bellville;38+ (APS Method 1);Level 4 (50%+);Level 4 (50%+) Maths;No;Level 4 (50%+);;No compulsory Physical Sciences — Life Sciences compulsory instead;Selection - early closing date;EARLY CLOSING DATE. APS 38+ (Method 1). MathLit not accepted. Extended version available (APS 30-37). Preference for higher APS.;https://www.universityinfo.co.za/prospectus/cput-prospectus.pdf;;;;;;;;;;;;;;
Faculty of Health and Wellness Sciences;BHSc in Medical Laboratory Sciences (Extended);;;7;Bachelor's Degree (Extended);5;Bellville;30 - 37 (APS Method 1);Level 4 (50%+);Level 4 (50%+) Maths;No;Level 4 (50%+);;Consideration for applicants with L3 (min 48%) in either Maths or Physical Sciences subject to space.;Extended - early closing date;EARLY CLOSING DATE. APS 30-37 (Method 1). Extended programme. May consider L3 Maths/PhysSci applicants at 48%+ subject to space.;https://www.universityinfo.co.za/prospectus/cput-prospectus.pdf;;;;;;;;;;;;;;
Faculty of Health and Wellness Sciences;HC in Dental Assisting;;;5;Higher Certificate;1;Tygerberg;25+ (APS Method 1);Level 3 (40%+);Level 2 (30%+) Maths;No;Level 3 (40%+);;No compulsory Physical Sciences;Selection - early closing date;EARLY CLOSING DATE. APS 25+ (Method 1). MathLit not accepted. 1-year programme.;https://www.universityinfo.co.za/prospectus/cput-prospectus.pdf;;;;;;;;;;;;;;
Faculty of Health and Wellness Sciences;BHSc in Dental Technology;;;7;Bachelor's Degree;4;Tygerberg;33+ (APS Method 1);Level 4 (50%+);Level 4 (50%+) Maths;No;Level 4 (50%+);Level 4 (50%+);;Selection - early closing date;EARLY CLOSING DATE. APS 33+ (Method 1). MathLit not accepted. ECP version available (APS 27+).;https://www.universityinfo.co.za/prospectus/cput-prospectus.pdf;;;;;;;;;;;;;;
Faculty of Health and Wellness Sciences;BHSc in Dental Technology (ECP);;;7;Bachelor's Degree (Extended);5;Tygerberg;27+ (APS Method 1);Level 4 (50%+);Level 3 (40%+) Maths;No;Level 4 (50%+);Level 4 (50%+);;Extended - early closing date;EARLY CLOSING DATE. APS 27+ (Method 1). Extended programme (5 years). ECP version.;https://www.universityinfo.co.za/prospectus/cput-prospectus.pdf;;;;;;;;;;;;;;
Faculty of Health and Wellness Sciences;HC in Emergency Medical Care;;;5;Higher Certificate;1;Bellville;26+ (APS Method 1);Level 3 (40%+);Level 3 (40%+) Maths — Tech Maths Level 4 (50%+) alternative;Yes - Level 6 (70%+) MathLit alternative;Level 3 (40%+);Level 3 (40%+);Selection interview; medical; physical and environmental assessment compulsory for all EMS programmes.;Selection - early closing date;EARLY CLOSING DATE. APS 26+ (Method 1). Selection interview;medical and physical assessment required. MathLit accepted at L6. 1-year programme. See also Diploma and Bachelor routes in EMS.;https://www.universityinfo.co.za/prospectus/cput-prospectus.pdf;;;;;;;;;;;
Faculty of Health and Wellness Sciences;Diploma in Emergency Medical Care;;;6;Diploma;3;Bellville;28+ (APS Method 1);Level 3 (40%+);Level 3 (40%+) Maths;No;Level 3 (40%+);Level 3 (40%+);Selection interview; medical; physical and environmental assessment compulsory.;Selection - early closing date;EARLY CLOSING DATE. APS 28+ (Method 1). MathLit not accepted. Selection interview required.;https://www.universityinfo.co.za/prospectus/cput-prospectus.pdf;;;;;;;;;;;;
Faculty of Health and Wellness Sciences;Bachelor of Emergency Medical Care;;;7;Bachelor's Degree;4;Bellville;35+ (APS Method 1);Level 4 (50%+);Level 4 (50%+) Maths;No;Level 4 (50%+);Level 4 (50%+);Selection interview; medical;physical and environmental assessment compulsory. ECP version available (APS 30-34).;Selection - early closing date;EARLY CLOSING DATE. APS 35+ (Method 1). MathLit not accepted. Selection interview required. ECP version available.;https://www.universityinfo.co.za/prospectus/cput-prospectus.pdf;;;;;;;;;;;;
Faculty of Health and Wellness Sciences;Bachelor of Emergency Medical Care (ECP);;;7;Bachelor's Degree (Extended);5;Bellville;30 - 34 (APS Method 1);Level 4 (50%+);Level 4 (50%+) Maths;No;Level 4 (50%+);Level 4 (50%+);Subject to space: may consider 47-49% in any one of the four main subjects. Selection interview; medical; physical and environmental assessment compulsory.;Extended - early closing date;EARLY CLOSING DATE. APS 30-34 (Method 1). Extended programme. Some flexibility at 47-49% in one subject. Selection interview required.;https://www.universityinfo.co.za/prospectus/cput-prospectus.pdf;;;;;;;;;;;;
Faculty of Health and Wellness Sciences;Diploma in Somatology;;;6;Diploma;3;Bellville;24 with Maths / 25 with MathLit (APS Method 1);Level 4 (50%+);Level 3 (40%+) Maths;Yes - Level 4 (50%+) MathLit alternative;Level 4 (50%+);;Hepatitis inoculation required before starting programme.;Selection - early closing date;EARLY CLOSING DATE. APS 24(Maths)/25(ML) (Method 1). MathLit accepted as alternative. Hepatitis inoculation compulsory. Advanced Diploma also available.;https://www.universityinfo.co.za/prospectus/cput-prospectus.pdf;;;;;;;;;;;;;;
Faculty of Health and Wellness Sciences;Bachelor of Nursing;;;7;Bachelor's Degree;4;Bellville;30+ (APS Method 1);Level 4 (50%+);Level 4 (50%+) Maths — Tech Maths Level 5 (60%+) alternative;No;Level 4 (50%+);Level 4 (50%+) alternative for Life Sciences;Selection interview required in addition to application form. ECP version available (APS 27-29).;Selection - early closing date;EARLY CLOSING DATE. APS 30+ (Method 1). MathLit not accepted. Physical Sciences is an alternative for Life Sciences. Selection interview required. ECP version available.;https://www.universityinfo.co.za/prospectus/cput-prospectus.pdf;;;;;;;;;;;;;;
Faculty of Health and Wellness Sciences;Bachelor of Nursing (ECP);;;7;Bachelor's Degree (Extended);5;Bellville;27 - 29 (APS Method 1);Level 4 (50%+);Level 3 (40%+) Maths — Tech Maths Level 4 (50%+) alternative;No;Level 4 (50%+);Level 4 (50%+) alternative for Life Sciences;Selection interview required.;Extended - early closing date;EARLY CLOSING DATE. APS 27-29 (Method 1). Extended programme. MathLit not accepted. Selection interview required.;https://www.universityinfo.co.za/prospectus/cput-prospectus.pdf;;;;;;;;;;;;;;
Faculty of Health and Wellness Sciences;BHSc in Opticianry;;;7;Bachelor's Degree;4;Bellville;32+ (APS Method 1);Level 4 (50%+);Level 4 (50%+) Maths — Tech Maths Level 5 (60%+) alternative;No;Level 4 (50%+);Level 4 (50%+);;Selection - early closing date;EARLY CLOSING DATE. APS 32+ (Method 1). MathLit not accepted. All four subjects compulsory.;https://www.universityinfo.co.za/prospectus/cput-prospectus.pdf;;;;;;;;;;;;;;
Faculty of Health and Wellness Sciences;BSc in Diagnostic Radiography;;;7;Bachelor's Degree;4;Tygerberg;30+ (APS Method 1);Level 4 (50%+);Level 4 (50%+) Maths;No;Level 4 (50%+) alternative for Physical Sciences;Level 4 (50%+);Health screening questionnaire may be required. Max 65 candidates per year.;Selection - early closing date;EARLY CLOSING DATE. APS 30+ (Method 1). Life Sciences is alternative for Physical Sciences (but at least one compulsory). Max 65 candidates/year.;https://www.universityinfo.co.za/prospectus/cput-prospectus.pdf;;;;;;;;;;;;;;
Faculty of Health and Wellness Sciences;BSc in Diagnostic Ultrasound;;;7;Bachelor's Degree;4;Tygerberg;30+ (APS Method 1);Level 4 (50%+);Level 4 (50%+) Maths;No;Level 4 (50%+) alternative for Physical Sciences;Level 4 (50%+);Health screening questionnaire may be required. Max 12 candidates per year.;Selection - early closing date;EARLY CLOSING DATE. APS 30+ (Method 1). Life Sciences is alternative for Physical Sciences. Max 12 candidates/year.;https://www.universityinfo.co.za/prospectus/cput-prospectus.pdf;;;;;;;;;;;;;;
Faculty of Health and Wellness Sciences;BSc in Radiation Therapy;;;7;Bachelor's Degree;4;Tygerberg;30+ (APS Method 1);Level 4 (50%+);Level 4 (50%+) Maths;No;Level 4 (50%+) alternative for Physical Sciences;Level 4 (50%+);Health screening questionnaire may be required. Max 14 candidates per year.;Selection - early closing date;EARLY CLOSING DATE. APS 30+ (Method 1). Max 14 candidates/year.;https://www.universityinfo.co.za/prospectus/cput-prospectus.pdf;;;;;;;;;;;;;;
Faculty of Health and Wellness Sciences;BSc in Nuclear Medicine Technology;;;7;Bachelor's Degree;4;Tygerberg;30+ (APS Method 1);Level 4 (50%+);Level 4 (50%+) Maths — COMPULSORY;No;;Level 4 (50%+) — COMPULSORY;Both Maths AND Physical Sciences are compulsory (not alternatives). Max 7 candidates per year.;Selection - early closing date;EARLY CLOSING DATE. APS 30+ (Method 1). Both Maths and Physical Sciences COMPULSORY (not substitutes). Max 7 candidates/year.;https://www.universityinfo.co.za/prospectus/cput-prospectus.pdf;;;;;;;;;;;;;;
Faculty of Informatics and Design;Diploma in Architectural Technology;;;6;Diploma;3;District Six / Bellville;30 with Maths / 32 with MathLit (APS Method 1);Level 4 (50%+);Level 4 (50%+) Maths OR Level 5 (60%+) Tech Maths;Yes - Level 6 (70%+) MathLit;; ;Portfolio or entrance exam may be required. Closing date: 30 September.;ECP;Mainstream APS: 30(Maths)/32(ML). ECP APS: 26(Maths)/28(ML). Extended version available. Portfolio may be required.;https://www.universityinfo.co.za/prospectus/cput-prospectus.pdf;;;;;;;;;;;;;;
Faculty of Informatics and Design;Diploma in Architectural Technology (Extended);;;6;Diploma (Extended);4;District Six / Bellville;26 with Maths / 28 with MathLit (APS Method 1);Level 3 (40%+);Level 3 (40%+) Maths OR Level 4 (50%+) Tech Maths;Yes - Level 5 (60%+) MathLit;;;Portfolio or entrance exam may be required.;Extended;APS 26(Maths)/28(ML) (Method 1). Extended programme (4 years). ECP programme.;https://www.universityinfo.co.za/prospectus/cput-prospectus.pdf;;;;;;;;;;;;;;
Faculty of Informatics and Design;Diploma in Interior Design;;;6;Diploma;3;District Six / Bellville;30 with Maths / 32 with MathLit (APS Method 1);Level 4 (50%+);Level 4 (50%+) Maths OR Level 5 (60%+) Tech Maths;Yes - Level 6 (70%+) MathLit;;;Portfolio or entrance exam may be required. Closing date: 30 September.;ECP;Mainstream APS: 30(Maths)/32(ML). ECP APS: 26(Maths)/28(ML). Extended version available. Portfolio may be required.;https://www.universityinfo.co.za/prospectus/cput-prospectus.pdf;;;;;;;;;;;;;;
Faculty of Informatics and Design;Diploma in Interior Design (Extended);;;6;Diploma (Extended);4;District Six / Bellville;26 with Maths / 28 with MathLit (APS Method 1);Level 3 (40%+);Level 3 (40%+) Maths OR Level 4 (50%+) Tech Maths;Yes - Level 5 (60%+) MathLit;;;Portfolio or entrance exam may be required.;Extended;APS 26(Maths)/28(ML) (Method 1). Extended programme (4 years). ECP.;https://www.universityinfo.co.za/prospectus/cput-prospectus.pdf;;;;;;;;;;;;;;
Faculty of Informatics and Design;Diploma in Fashion;;;6;Diploma;3;District Six;28 with Maths or MathLit (APS Method 1);Level 4 (50%+);Level 3 (40%+) Maths OR Level 4 (50%+) Tech Maths;Yes - Level 5 (60%+) MathLit;;;Portfolio or entrance exam may be required. Closing date: 30 September.;ECP;Mainstream APS: 28 (both Maths and ML give same APS). ECP APS: 26. Extended version available. Portfolio required.;https://www.universityinfo.co.za/prospectus/cput-prospectus.pdf;;;;;;;;;;;;;;
Faculty of Informatics and Design;Diploma in Fashion (Extended);;;6;Diploma (Extended);4;District Six;26 with Maths or MathLit (APS Method 1);Level 4 (50%+);Level 2 (30%+) Maths OR Level 3 (40%+) Tech Maths;Yes - Level 4 (50%+) MathLit;;;Portfolio or entrance exam may be required.;Extended;APS 26 (Method 1). Extended programme (4 years). ECP admission: English L4 and one of Maths L2/ML L4/TM L3.;https://www.universityinfo.co.za/prospectus/cput-prospectus.pdf;;;;;;;;;;;;;;
Faculty of Informatics and Design;Diploma in Visual Communication Design;;;6;Diploma;3;District Six;28 with Maths or MathLit (APS Method 1);Level 4 (50%+);Level 3 (40%+) Maths OR Level 4 (50%+) Tech Maths;Yes - Level 5 (60%+) MathLit;;;Portfolio or entrance exam may be required. Closing date: 30 September.;ECP;Mainstream APS: 28 (Maths and ML same). ECP APS: 26. Extended version available. Portfolio required.;https://www.universityinfo.co.za/prospectus/cput-prospectus.pdf;;;;;;;;;;;;;;
Faculty of Informatics and Design;Diploma in Visual Communication Design (Extended);;;6;Diploma (Extended);4;District Six;26 with Maths or MathLit (APS Method 1);Level 4 (50%+);Level 2 (30%+) Maths OR Level 3 (40%+) Tech Maths;Yes - Level 4 (50%+) MathLit;;;Portfolio or entrance exam may be required.;Extended;APS 26 (Method 1). Extended programme (4 years). ECP.;https://www.universityinfo.co.za/prospectus/cput-prospectus.pdf;;;;;;;;;;;;;;
Faculty of Informatics and Design;Diploma in Product Design;;;6;Diploma;3;District Six;28 with Maths or MathLit (APS Method 1);Level 4 (50%+);Level 3 (40%+) Maths OR Level 4 (50%+) Tech Maths;Yes - Level 5 (60%+) MathLit;;;Portfolio or entrance exam may be required. Closing date: 30 September.;ECP;Mainstream APS: 28. ECP APS: 26. Extended version available. Portfolio may be required.;https://www.universityinfo.co.za/prospectus/cput-prospectus.pdf;;;;;;;;;;;;;;
Faculty of Informatics and Design;Diploma in Product Design (Extended);;;6;Diploma (Extended);4;District Six;26 with Maths or MathLit (APS Method 1);Level 4 (50%+);Level 2 (30%+) Maths OR Level 3 (40%+) Tech Maths;Yes - Level 4 (50%+) MathLit;;;Portfolio or entrance exam may be required.;Extended;APS 26 (Method 1). Extended programme (4 years). ECP.;https://www.universityinfo.co.za/prospectus/cput-prospectus.pdf;;;;;;;;;;;;;;
Faculty of Informatics and Design;Diploma in Jewellery Design & Manufacture;;;6;Diploma;3;District Six;28 with Maths or MathLit (APS Method 1);Level 4 (50%+);Level 3 (40%+) Maths OR Level 4 (50%+) Tech Maths;Yes - Level 5 (60%+) MathLit;;;Portfolio or entrance exam may be required. Closing date: 30 September.;ECP;Mainstream APS: 28. ECP APS: 26. Extended version available. Portfolio may be required.;https://www.universityinfo.co.za/prospectus/cput-prospectus.pdf;;;;;;;;;;;;;;
Faculty of Informatics and Design;Diploma in Jewellery Design & Manufacture (Extended);;;6;Diploma (Extended);4;District Six;26 with Maths or MathLit (APS Method 1);Level 4 (50%+);Level 2 (30%+) Maths OR Level 3 (40%+) Tech Maths;Yes - Level 4 (50%+) MathLit;;;Portfolio or entrance exam may be required.;Extended;APS 26 (Method 1). Extended programme (4 years). ECP.;https://www.universityinfo.co.za/prospectus/cput-prospectus.pdf;;;;;;;;;;;;;;
Faculty of Informatics and Design;Diploma in Film Production;;;6;Diploma;3;District Six;30 (APS Method 1);Level 5 (60%+);Not specified;Not specified;;;No other subjects specified in prospectus beyond English L5.;Selection;APS 30 (Method 1). English at 60%+ compulsory. Portfolio or entrance exam may be required.;https://www.universityinfo.co.za/prospectus/cput-prospectus.pdf;;;;;;;;;;;;;;
Faculty of Informatics and Design;Diploma in Photography;;;6;Diploma;3;District Six;30 (APS Method 1);Level 4 (50%+);Not specified;Not specified;;;No other subjects specified in prospectus.;Selection;APS 30 (Method 1). Portfolio or entrance exam may be required.;https://www.universityinfo.co.za/prospectus/cput-prospectus.pdf;;;;;;;;;;;;;;
Faculty of Informatics and Design;Diploma in Journalism;;;6;Diploma;3;District Six;28 with Maths / 30 with MathLit (APS Method 1);Level 5 (60%+) English AND another HL or FAL at 50%+;Level 3 (40%+) Maths OR Level 4 (50%+) Tech Maths;Yes - Level 4 (50%+) MathLit;;;A second HL or FAL (excluding English) at 50%+ is required.;No;APS 28(Maths)/30(ML) (Method 1). English at 60%+ and a second language at 50%+ compulsory.;https://www.universityinfo.co.za/prospectus/cput-prospectus.pdf;;;;;;;;;;;;;;
Faculty of Informatics and Design;Diploma in Public Relations & Communication;;;6;Diploma;3;District Six;28 with Maths / 30 with MathLit (APS Method 1);Level 5 (60%+) English AND another HL or FAL at 50%+;Level 2 (30%+) Maths OR Level 3 (40%+) Tech Maths;Yes - Level 4 (50%+) MathLit;;;A second HL or FAL (excluding English) at 50%+ is required.;No;APS 28(Maths)/30(ML) (Method 1). English at 60%+ and a second language at 50%+ compulsory.;https://www.universityinfo.co.za/prospectus/cput-prospectus.pdf;;;;;;;;;;;;;;
Faculty of Informatics and Design;Diploma in Applications Development;;;6;Diploma;3;Bellville;28 with Maths / 30 with MathLit (APS Method 1);Level 4 (50%+);Level 3 (40%+) Maths OR Level 4 (50%+) Tech Maths;Yes - Level 5 (60%+) MathLit;;;No other compulsory subjects.;No;APS 28(Maths)/30(ML) (Method 1). Part of ICT suite (also: Communication Networks; Multimedia Applications).;https://www.universityinfo.co.za/prospectus/cput-prospectus.pdf;;;;;;;;;;;;;
Faculty of Informatics and Design;Diploma in Communication Networks;;;6;Diploma;3;Bellville;28 with Maths / 30 with MathLit (APS Method 1);Level 4 (50%+);Level 3 (40%+) Maths OR Level 4 (50%+) Tech Maths;Yes - Level 5 (60%+) MathLit;;;No other compulsory subjects.;No;APS 28(Maths)/30(ML) (Method 1).;https://www.universityinfo.co.za/prospectus/cput-prospectus.pdf;;;;;;;;;;;;;;
Faculty of Informatics and Design;Diploma in Multimedia Applications;;;6;Diploma;3;Bellville;28 with Maths / 30 with MathLit (APS Method 1);Level 4 (50%+);Level 3 (40%+) Maths OR Level 4 (50%+) Tech Maths;Yes - Level 5 (60%+) MathLit;;;No other compulsory subjects.;No;APS 28(Maths)/30(ML) (Method 1). Offered in collaboration with Northlink and False Bay colleges for HC version.;https://www.universityinfo.co.za/prospectus/cput-prospectus.pdf;;;;;;;;;;;;;;
Faculty of Informatics and Design;Higher Certificate in ICT;;;5;Higher Certificate;1;Bellville and partner colleges;24 with Maths / 26 with MathLit (APS Method 1);Level 4 (50%+);Level 3 (40%+) Maths OR Level 4 (50%+) Tech Maths;Yes - Level 5 (60%+) MathLit;;;Offered in collaboration with College of Cape Town; Northlink;and False Bay. 1-year programme.;No;APS 24(Maths)/26(ML) (Method 1). 1-year programme. Leads to IT Service Management career path.;https://www.universityinfo.co.za/prospectus/cput-prospectus.pdf;;;;;;;;;;;;
Faculty of Informatics and Design;Diploma in Urban & Regional Planning;;;6;Diploma;3;Bellville;28 with Maths / 30 with MathLit (APS Method 1);Level 4 (50%+) English AND another HL or FAL at Level 4;Level 4 (50%+) Maths OR Level 5 (60%+) Tech Maths;Yes - Level 5 (60%+) MathLit;;;Compulsory: one of Geography (L4);Economics (L4);Business Studies (L4);Tourism (L4). Commerce subjects and Geography compulsory for this programme specifically. A second HL or FAL (excl. English) at L4.;Selection;APS 28(Maths)/30(ML) (Method 1). Commerce subjects and Geography required. A second official language at L4 compulsory.;https://www.universityinfo.co.za/prospectus/cput-prospectus.pdf;;;;;;;;;;;
Faculty of Engineering and the Built Environment;Diploma in Chemical Engineering;;;6;Diploma;3;Bellville;30 (APS Method 2);Level 4 (50%+);Level 4 (50%+) Maths OR Level 5 (60%+) Tech Maths;No;;Level 4 (50%+) Physical Sciences — Tech Sciences NOT accepted for Chemical Engineering;MathLit NOT accepted in Faculty of Engineering (except Clothing & Textile). Method 2 APS: (English + Maths×2 + PhysSci×2 + best other) ÷ 10.;ECP;Mainstream APS: 30. ECP APS: 27-29. Waitlist: 23-26 (subject to space). Chemical Engineering requires Physical Sciences specifically (NOT Technical Sciences). APS Method 2.;https://www.universityinfo.co.za/prospectus/cput-prospectus.pdf;;;;;;;;;;;;;;
Faculty of Engineering and the Built Environment;Bachelor of Engineering Technology in Chemical Engineering;;;7;Bachelor's Degree;4;Bellville;36 (APS Method 2);Level 5 (60%+);Level 5 (60%+) Maths OR Level 5 (60%+) Tech Maths;No;;Level 5 (60%+) Physical Sciences — NOT Technical Sciences;;No ECP;Mainstream only. APS 36 (Method 2). All subjects at L5 (60%+). Physical Sciences (not Tech Sciences) required.;https://www.universityinfo.co.za/prospectus/cput-prospectus.pdf;;;;;;;;;;;;;;
Faculty of Engineering and the Built Environment;Diploma in Civil Engineering;;;6;Diploma;3;Bellville;30 (APS Method 2);Level 4 (50%+);Level 4 (50%+) Maths OR Level 5 (60%+) Tech Maths;No;;Level 4 (50%+) Physical Sciences OR Level 5 (60%+) Technical Sciences;MathLit NOT accepted.;ECP;Mainstream APS: 30. ECP APS: 27-29. Waitlist: 23-26. Technical Sciences accepted as alternative. APS Method 2.;https://www.universityinfo.co.za/prospectus/cput-prospectus.pdf;;;;;;;;;;;;;;
Faculty of Engineering and the Built Environment;Diploma in Geomatics;;;6;Diploma;3;Bellville;30 (APS Method 2);Level 4 (50%+);Level 4 (50%+) Maths OR Level 5 (60%+) Tech Maths;No;;Level 4 (50%+) Physical Sciences OR Level 5 (60%+) Technical Sciences;MathLit NOT accepted. Combines Surveying and Cartography.;No ECP;Mainstream: 30 (Method 2). No ECP listed. Technical Sciences accepted. APS Method 2.;https://www.universityinfo.co.za/prospectus/cput-prospectus.pdf;;;;;;;;;;;;;;
Faculty of Engineering and the Built Environment;Bachelor of Engineering Technology in Civil Engineering;;;7;Bachelor's Degree;4;Bellville;36 (APS Method 2);Level 5 (60%+);Level 5 (60%+) Maths OR Level 5 (60%+) Tech Maths;No;;Level 5 (60%+) Physical Sciences OR Level 5 (60%+) Technical Sciences;;No ECP;Mainstream only. APS 36 (Method 2). All subjects at L5. Technical Sciences accepted.;https://www.universityinfo.co.za/prospectus/cput-prospectus.pdf;;;;;;;;;;;;;;
Faculty of Engineering and the Built Environment;Bachelor of Geomatics (Surveying or GIS specialisation);;;7;Bachelor's Degree;4;Bellville;36 (APS Method 2);Level 5 (60%+);Level 5 (60%+) Maths OR Level 5 (60%+) Tech Maths;No;;Level 5 (60%+) Physical Sciences OR Level 5 (60%+) Technical Sciences;MathLit NOT accepted. Choose specialisation: Surveying or Geographic Information Science.;No ECP;Mainstream only. APS 36 (Method 2). Technical Sciences accepted. Specialisations: Surveying or GIS.;https://www.universityinfo.co.za/prospectus/cput-prospectus.pdf;;;;;;;;;;;;;;
Faculty of Engineering and the Built Environment;Diploma in Clothing & Textile Technology;;;6;Diploma;3;Bellville;26 with Maths L3 / 28 with MathLit L4 (APS Method 1);Level 4 (50%+);Level 3 (40%+) Maths OR Level 5 (60%+) Tech Maths;Yes - Level 4 (50%+) MathLit — EXCEPTION to Faculty rule;;;MathLit ACCEPTED for this programme only. Online selection test required.;ECP;This is the ONLY programme in the Engineering faculty where MathLit is accepted. Mainstream: 26(Maths)/28(ML). ECP same APS thresholds. Online selection test required. APS Method 1.;https://www.universityinfo.co.za/prospectus/cput-prospectus.pdf;;;;;;;;;;;;;;
Faculty of Engineering and the Built Environment;Diploma in Construction;;;6;Diploma;3;Bellville;25 unweighted NSC points (see notes);Level 4 (50%+);Level 4 (50%+) Maths OR Level 5 (60%+) Tech Maths;No;;;Recommended: Accounting L3;Business Studies L3;Economics L3;Civil Technology L3;Engineering Graphics & Design L3;CAT L3;IT L3;Physical Sciences L3;Technical Sciences L3. MathLit NOT accepted.;ECP;APS 25 (unweighted sum of NSC ratings;LO excluded). ECP: 23-24. This programme uses raw NSC rating scale sum not Method 1/2/3. MathLit not accepted. Commerce applicants with Maths (mainstream) may also apply.;https://www.universityinfo.co.za/prospectus/cput-prospectus.pdf;;;;;
Faculty of Engineering and the Built Environment;Diploma in Engineering Technology in Electrical Engineering;;;6;Diploma;3;Bellville;30 (APS Method 2);Level 4 (50%+);Level 4 (50%+) Maths OR Level 5 (60%+) Tech Maths;No;;Level 4 (50%+) Physical Sciences OR Electrical Technology Level 4;Recommended: CAT (L4);IT (L4);Electrical Technology (L4). MathLit NOT accepted.;ECP;Mainstream APS: 30. ECP APS: 27-29. Waitlist: 23-26. Electrical Technology accepted as alternative to Physical Sciences. APS Method 2.;https://www.universityinfo.co.za/prospectus/cput-prospectus.pdf;;;;;;;;;;;;
Faculty of Engineering and the Built Environment;Bachelor of Engineering Technology in Electrical Engineering;;;7;Bachelor's Degree;4;Bellville;36 (APS Method 2);Level 4 (50%+);Level 4 (50%+) Maths OR Level 5 (60%+) Tech Maths;No;;Level 4 (50%+) Physical Sciences OR Electrical Technology Level 4;Recommended: CAT (L4);IT (L4);Electrical Technology (L4). MathLit NOT accepted.;No ECP;Mainstream only. APS 36 (Method 2). Electrical Technology accepted as alternative to Physical Sciences.;https://www.universityinfo.co.za/prospectus/cput-prospectus.pdf;;;;;;;;;;;;
Faculty of Engineering and the Built Environment;Diploma in Engineering Technology in Computer Engineering;;;6;Diploma;3;Bellville;30 (APS Method 2);Level 4 (50%+);Level 4 (50%+) Maths OR Level 5 (60%+) Tech Maths;No;;Level 4 (50%+) Physical Sciences OR Technical Sciences;MathLit NOT accepted.;ECP;Mainstream APS: 30. ECP APS: 27-29. Waitlist: 23-26. APS Method 2.;https://www.universityinfo.co.za/prospectus/cput-prospectus.pdf;;;;;;;;;;;;;;
Faculty of Engineering and the Built Environment;Bachelor of Engineering Technology in Computer Engineering;;;7;Bachelor's Degree;4;Bellville;36 (APS Method 2);Level 5 (60%+);Level 5 (60%+) Maths OR Level 5 (60%+) Tech Maths;No;;Level 5 (60%+) Physical Sciences OR Technical Sciences;MathLit NOT accepted.;No ECP;Mainstream only. APS 36 (Method 2). All subjects at L5. APS Method 2.;https://www.universityinfo.co.za/prospectus/cput-prospectus.pdf;;;;;;;;;;;;;;
Faculty of Engineering and the Built Environment;Diploma in Industrial Engineering;;;6;Diploma;3;Bellville;30 (APS Method 2);Level 4 (50%+);Level 4 (50%+) Maths OR Level 5 (60%+) Tech Maths;No;;Level 4 (50%+) Physical Sciences OR Technical Sciences;MathLit NOT accepted.;ECP;Mainstream APS: 30. ECP APS: 27-29. Waitlist: 23-26 (subject to space). APS Method 2.;https://www.universityinfo.co.za/prospectus/cput-prospectus.pdf;;;;;;;;;;;;;;
Faculty of Engineering and the Built Environment;Diploma in Mechanical Engineering;;;6;Diploma;3;Bellville;30 (APS Method 2);Level 4 (50%+);Level 4 (50%+) Maths OR Level 5 (60%+) Tech Maths;No;;Level 4 (50%+) Physical Sciences OR Technical Sciences;MathLit NOT accepted.;ECP;Mainstream APS: 30. ECP APS: 27-29. Waitlist: 23-26 (subject to space). APS Method 2.;https://www.universityinfo.co.za/prospectus/cput-prospectus.pdf;;;;;;;;;;;;;;
Faculty of Engineering and the Built Environment;Diploma in Mechanical Engineering in Mechatronics;;;6;Diploma;3;Bellville;30 (APS Method 2);Level 4 (50%+);Level 4 (50%+) Maths OR Level 5 (60%+) Tech Maths;No;;Level 4 (50%+) Physical Sciences OR Technical Sciences;MathLit NOT accepted.;ECP;Mainstream APS: 30. ECP APS: 27-29. Waitlist: 23-26 (subject to space). APS Method 2. Combines mechanical and electronics engineering.;https://www.universityinfo.co.za/prospectus/cput-prospectus.pdf;;;;;;;;;;;;;;
Faculty of Engineering and the Built Environment;Bachelor of Nautical Science;;;7;Bachelor's Degree;4;Granger Bay Campus;36 (APS Method 2);Level 4 (50%+);Level 4 (50%+) Maths;No;;Level 4 (50%+) Physical Sciences;MathLit NOT accepted. ECP version available.;Selection - ECP available;Mainstream APS: 36 (Method 2). ECP version available at lower APS. Granger Bay campus (maritime studies). International career on ships as Navigator.;https://www.universityinfo.co.za/prospectus/cput-prospectus.pdf;;;;;;;;;;;;;;
Faculty of Engineering and the Built Environment;Bachelor of Nautical Science (ECP);;;7;Bachelor's Degree (Extended);5;Granger Bay Campus;Approximately 30 - 35 (APS Method 2);Level 4 (50%+);Level 4 (50%+) Maths;No;;Level 4 (50%+) Physical Sciences;ECP: Maths or PhysSci at 40-49% may be considered (foundation year). Applications before ECP closing date.;Extended;ECP version. Foundation year prepares students for higher education in maritime studies. Granger Bay campus.;https://www.universityinfo.co.za/prospectus/cput-prospectus.pdf;;;;;;;;;;;;;;
Faculty of Engineering and the Built Environment;Bachelor of Marine Engineering;;;7;Bachelor's Degree;4;Granger Bay Campus;36 (APS Method 2);Level 4 (50%+);Level 4 (50%+) Maths;No;;Level 4 (50%+) Physical Sciences;MathLit NOT accepted. ECP version available.;Selection - ECP available;Mainstream APS: 36 (Method 2). ECP version available. Granger Bay campus. International career in merchant navy engineering.;https://www.universityinfo.co.za/prospectus/cput-prospectus.pdf;;;;;;;;;;;;;;
Faculty of Engineering and the Built Environment;Bachelor of Marine Engineering (ECP);;;7;Bachelor's Degree (Extended);5;Granger Bay Campus;Approximately 30 - 35 (APS Method 2);Level 4 (50%+);Level 4 (50%+) Maths;No;;Level 4 (50%+) Physical Sciences;ECP: foundation year for students with 40-49% in Maths or Physical Sciences.;Extended;ECP version. Foundation year programme. Granger Bay campus. Launched from 2021.;https://www.universityinfo.co.za/prospectus/cput-prospectus.pdf;;;;;;;;;;;;;;