Faculty;Programme;Academic_Plan_Code;Qualification_Type;Duration_Years;Campus;Min_AP;English_Requirement;Mathematics_Requirement;MathLit_Accepted;Life_Sciences_Requirement;Physical_Sciences_Requirement;Additional_Subject_Requirements;Subject_to_Selection;Application_Closing_Date;Special_Notes;Source;;;;;;;;;;;;;;;;;;;;;;;;
APS SYSTEM NOTE;;;;;;;;UFS uses a MODIFIED NSC scale: Level 7 (90-100%) = 8 AP;Level 7 (80-89%) = 7 AP;Levels 1-6 map directly (level = AP points). Life Orientation earns 1 bonus AP point ONLY if achieved at Level 5 (60%) or higher. AP is calculated from 6 academic subjects + LO bonus. Maximum AP = 49. No points awarded for subject achievement below 30%. Selection for all programmes is merit-based from highest AP downward until places are filled — meeting the minimum does not guarantee admission.;;;;;;https://www.ufs.ac.za/docs/librariesprovider44/study-at-the-ufs/2026-ufs-prospectus.pdf;;;;;;;;;;;;;;;;;;;;;;;;
Economic and Management Sciences;Bachelor of Commerce (BCom) General;BC630000;Bachelor's Degree;3;Bloemfontein;28;Level 4 (50%);Level 4 (50%);No;Not required;Not required;;No;30 September 2025;Broad BCom; specialisations include Economics, Finance, Marketing, Business Management, HRM; distinct plans for each specialisation;https://www.ufs.ac.za/docs/librariesprovider44/study-at-the-ufs/2026-ufs-prospectus.pdf;;;;;;;;;;;;;;;;;;;;;;
Economic and Management Sciences;BCom with specialisation in Economics;BC630020;Bachelor's Degree;3;Bloemfontein;28;Level 4 (50%);Level 4 (50%);No;Not required;Not required;;No;30 September 2025;;https://www.ufs.ac.za/docs/librariesprovider44/study-at-the-ufs/2026-ufs-prospectus.pdf;;;;;;;;;;;;;;;;;;;;;;;;
Economic and Management Sciences;BCom with specialisation in Finance;BC630025;Bachelor's Degree;3;Bloemfontein;28;Level 4 (50%);Level 4 (50%);No;Not required;Not required;;No;30 September 2025;;https://www.ufs.ac.za/docs/librariesprovider44/study-at-the-ufs/2026-ufs-prospectus.pdf;;;;;;;;;;;;;;;;;;;;;;;;
Economic and Management Sciences;BCom with specialisation in Business and Financial Analytics;BC638080;Bachelor's Degree;3;Bloemfontein;34;Level 4 (50%);Level 5 (60%);No;Not required;Not required;;No;30 September 2025;Higher AP (34) and Maths L5 required — the most demanding of the BCom specialisations;https://www.ufs.ac.za/docs/librariesprovider44/study-at-the-ufs/2026-ufs-prospectus.pdf;;;;;;;;;;;;;;;;;;;;;;;;
Economic and Management Sciences;BCom with specialisation in Marketing;BC630010;Bachelor's Degree;3;Bloemfontein;28;Level 4 (50%);Level 3 (40%);No;Not required;Not required;;No;30 September 2025;;https://www.ufs.ac.za/docs/librariesprovider44/study-at-the-ufs/2026-ufs-prospectus.pdf;;;;;;;;;;;;;;;;;;;;;;;;
Economic and Management Sciences;BCom with specialisation in Business Management;BC630012;Bachelor's Degree;3;Bloemfontein;28;Level 4 (50%);Level 3 (40%);No;Not required;Not required;;No;30 September 2025;;https://www.ufs.ac.za/docs/librariesprovider44/study-at-the-ufs/2026-ufs-prospectus.pdf;;;;;;;;;;;;;;;;;;;;;;;;
Economic and Management Sciences;BCom with specialisation in Human Resource Management;BC630030;Bachelor's Degree;3;Bloemfontein;28;Level 4 (50%);Level 3 (40%);No;Not required;Not required;;No;30 September 2025;;https://www.ufs.ac.za/docs/librariesprovider44/study-at-the-ufs/2026-ufs-prospectus.pdf;;;;;;;;;;;;;;;;;;;;;;;;
Economic and Management Sciences;BCom (Law);BC637070;Bachelor's Degree;3;Bloemfontein;33;Level 4 (50%);Level 4 (50%);No;Not required;Not required;;No;30 September 2025;Higher AP (33); combines Commerce and Law modules;https://www.ufs.ac.za/docs/librariesprovider44/study-at-the-ufs/2026-ufs-prospectus.pdf;;;;;;;;;;;;;;;;;;;;;;;
Economic and Management Sciences;Bachelor of Accounting (BAcc);BC636060;Bachelor's Degree;3;Bloemfontein;34;Level 4 (50%);Level 5 (60%);No;Not required;Not required;;No;30 September 2025;Accredited by SAICA for Chartered Accountant (CA(SA)) pathway;SAICA Level 1 rating (highest available); BAcc + PGDip (CA) or BAcc Honours = CA programme;https://www.ufs.ac.za/docs/librariesprovider44/study-at-the-ufs/2026-ufs-prospectus.pdf;;;;;;;;;;;;;;;;;;;;;;
Economic and Management Sciences;BCom (Accounting);BC635050;Bachelor's Degree;3;Bloemfontein;28;Level 4 (50%);Level 4 (50%);No;Not required;Not required;;No;30 September 2025;Aimed at general accountancy professions (AGA(SA), SAIPA, ACCA, CIMA); students wishing to pursue CA(SA) route must complete PGDip (GA) or BComHons (Acc) first;https://www.ufs.ac.za/docs/librariesprovider44/study-at-the-ufs/2026-ufs-prospectus.pdf;;;;;;;;;;;;;;;;;;;;;;;
Economic and Management Sciences;Bachelor of Administration (BAdmin);BC634040;Bachelor's Degree;3;Bloemfontein;28;Level 4 (50%);Level 2 (30%);Yes — Mathematical Literacy at Level 5 (60%) accepted as alternative to Mathematics;Not required;Not required;;No;30 September 2025;Very low Maths threshold (L2) or MathLit L5; public sector management focus;https://www.ufs.ac.za/docs/librariesprovider44/study-at-the-ufs/2026-ufs-prospectus.pdf;;;;;;;;;;;;;;;;;;;;;;;
Economic and Management Sciences;BCom with specialisation in Management (Qwaqwa);QC630001;Bachelor's Degree;3;Qwaqwa;28;Level 4 (50%);Level 4 (50%);No;Not required;Not required;;No;30 September 2025;Qwaqwa Campus only; same admission requirements as BCom General at Bloemfontein;https://www.ufs.ac.za/docs/librariesprovider44/study-at-the-ufs/2026-ufs-prospectus.pdf;;;;;;;;;;;;;;;;;;;;;;;
Economic and Management Sciences;Bachelor of Administration (BAdmin) (Qwaqwa);QC634040;Bachelor's Degree;3;Qwaqwa;28;Level 4 (50%);Level 2 (30%);Yes — Mathematical Literacy at Level 5 (60%) accepted;Not required;Not required;;No;30 September 2025;Qwaqwa Campus only;https://www.ufs.ac.za/docs/librariesprovider44/study-at-the-ufs/2026-ufs-prospectus.pdf;;;;;;;;;;;;;;;;;;;;;;;;
Education;BEd Foundation Phase — Afrikaans Home Language specialisation;LC735101;Bachelor's Degree;4;South Campus;30;Level 4 (50%);Not required;Not required;Not required;Not required;Afrikaans Home Language Level 4 (50%) compulsory;No;30 September 2025;South Campus only;trains teachers for Grades R-3 (Foundation Phase); teaching in Afrikaans;https://www.ufs.ac.za/docs/librariesprovider44/study-at-the-ufs/2026-ufs-prospectus.pdf;;;;;;;;;;;;;;;;;;;;;;
Education;BEd Foundation Phase — Sesotho Home Language specialisation;LC735103 / QC735103;Bachelor's Degree;4;South Campus / Qwaqwa;30;Level 4 (50%) FAL acceptable;Not required;Not required;Not required;Not required;Sesotho Home Language Level 4 (50%) compulsory;No;30 September 2025;South Campus and Qwaqwa Campus; trains Foundation Phase teachers in Sesotho-medium schools;https://www.ufs.ac.za/docs/librariesprovider44/study-at-the-ufs/2026-ufs-prospectus.pdf;;;;;;;;;;;;;;;;;;;;;;;
Education;BEd Foundation Phase — isiZulu Home Language specialisation;QC735105;Bachelor's Degree;4;Qwaqwa;30;Level 4 (50%) FAL acceptable;Not required;Not required;Not required;Not required;isiZulu Home Language Level 4 (50%) compulsory;No;30 September 2025;Qwaqwa Campus only; trains Foundation Phase teachers in isiZulu-medium schools;https://www.ufs.ac.za/docs/librariesprovider44/study-at-the-ufs/2026-ufs-prospectus.pdf;;;;;;;;;;;;;;;;;;;;;;;
Education;BEd Foundation Phase — English Home Language specialisation;LC735106;Bachelor's Degree;4;South Campus;30;Level 4 (50%) Home Language;Not required;Not required;Not required;Not required;Afrikaans at Level 4 (50%) compulsory as additional language requirement;No;30 September 2025;South Campus only; English must be taken as Home Language (not FAL);https://www.ufs.ac.za/docs/librariesprovider44/study-at-the-ufs/2026-ufs-prospectus.pdf;;;;;;;;;;;;;;;;;;;;;;;
Education;BEd Intermediate Phase — Mathematics, NST and Afrikaans HL;BC735791;Bachelor's Degree;4;Bloemfontein;30;Level 4 (50%);Level 4 (50%);No;Not required;Not required;Afrikaans Home Language Level 4 (50%) compulsory;No;30 September 2025;Teaches Grades 4-6; subjects: Mathematics, Natural Sciences and Technology, Afrikaans;https://www.ufs.ac.za/docs/librariesprovider44/study-at-the-ufs/2026-ufs-prospectus.pdf;;;;;;;;;;;;;;;;;;;;;;;
Education;BEd Intermediate Phase — Life Skills, Social Sciences and Afrikaans HL;BC735784;Bachelor's Degree;4;Bloemfontein;30;Level 4 (50%);Not required;Not required;Not required;Not required;Afrikaans Home Language Level 4 (50%) compulsory;No;30 September 2025;Teaches Grades 4-6; no Maths requirement;https://www.ufs.ac.za/docs/librariesprovider44/study-at-the-ufs/2026-ufs-prospectus.pdf;;;;;;;;;;;;;;;;;;;;;;;
Education;BEd Intermediate Phase — Mathematics, NST and English HL;BC735793;Bachelor's Degree;4;Bloemfontein;30;Level 4 (50%) Home Language required;Level 4 (50%);No;Not required;Not required;Afrikaans as First Additional Language at Level 4 (50%) required;No;30 September 2025;English must be Home Language; Afrikaans FAL also required;https://www.ufs.ac.za/docs/librariesprovider44/study-at-the-ufs/2026-ufs-prospectus.pdf;;;;;;;;;;;;;;;;;;;;;;;
Education;BEd Intermediate Phase — Life Skills, Social Sciences and English HL;BC735787;Bachelor's Degree;4;Bloemfontein;30;Level 4 (50%) Home Language required;Not required;Not required;Not required;Not required;Afrikaans as First Additional Language at Level 4 (50%) required;No;30 September 2025;English must be Home Language; no Maths requirement;https://www.ufs.ac.za/docs/librariesprovider44/study-at-the-ufs/2026-ufs-prospectus.pdf;;;;;;;;;;;;;;;;;;;;;;;
Education;BEd Intermediate Phase — Mathematics, NST and Sesotho HL;BC735792 / QC735792;Bachelor's Degree;4;Bloemfontein / Qwaqwa;30;Level 4 (50%);Level 4 (50%);No;Not required;Not required;Sesotho Home Language Level 4 (50%) compulsory;No;30 September 2025;Available on both Bloemfontein and Qwaqwa campuses;https://www.ufs.ac.za/docs/librariesprovider44/study-at-the-ufs/2026-ufs-prospectus.pdf;;;;;;;;;;;;;;;;;;;;;;;;
Education;BEd Intermediate Phase — Life Skills and Social Sciences and isiZulu HL;QC735788;Bachelor's Degree;4;Qwaqwa;30;Level 4 (50%);Not required;Not required;Not required;Not required;isiZulu Home Language Level 4 (50%) compulsory;No;30 September 2025;Qwaqwa Campus only; no Maths requirement;https://www.ufs.ac.za/docs/librariesprovider44/study-at-the-ufs/2026-ufs-prospectus.pdf;;;;;;;;;;;;;;;;;;;;;;;
Education;BEd Intermediate Phase — Life Skills, Social Sciences and Sesotho HL;BC735782 / QC735782;Bachelor's Degree;4;Bloemfontein / Qwaqwa;30;Level 4 (50%);Not required;Not required;Not required;Not required;Sesotho Home Language Level 4 (50%) compulsory;No;30 September 2025;No Maths requirement;https://www.ufs.ac.za/docs/librariesprovider44/study-at-the-ufs/2026-ufs-prospectus.pdf;;;;;;;;;;;;;;;;;;;;;;;;
Education;BEd Intermediate Phase — Mathematics, NST and isiZulu HL;QC735794;Bachelor's Degree;4;Qwaqwa;30;Level 4 (50%);Level 4 (50%);No;Not required;Not required;isiZulu Home Language Level 4 (50%) compulsory;No;30 September 2025;Qwaqwa Campus only;https://www.ufs.ac.za/docs/librariesprovider44/study-at-the-ufs/2026-ufs-prospectus.pdf;;;;;;;;;;;;;;;;;;;;;;;;
Education;BEd Senior and FET Phase — Accounting and Business Studies;BC736101;Bachelor's Degree;4;Bloemfontein;30;Level 4 (50%);Level 4 (50%);No;Not required;Not required;Accounting Level 4 (50%) AND Business Studies Level 4 (50%) compulsory;No;30 September 2025;Teaches Grades 7-12 in Accounting and Business Studies;https://www.ufs.ac.za/docs/librariesprovider44/study-at-the-ufs/2026-ufs-prospectus.pdf;;;;;;;;;;;;;;;;;;;;;;;;
Education;BEd Senior and FET Phase — EMS and Accounting/Business Studies;BC736104 / QC736104;Bachelor's Degree;4;Bloemfontein / Qwaqwa;30;Level 4 (50%);Level 4 (50%);No;Not required;Not required;Accounting Level 4 (50%);Economics Level 4 (50%);choice between Business Studies OR Economics at Level 4;No;30 September 2025;Available on both campuses;https://www.ufs.ac.za/docs/librariesprovider44/study-at-the-ufs/2026-ufs-prospectus.pdf;;;;;;;;;;;;;;;;;;;;;;
Education;BEd Senior and FET Phase — Technology and Engineering Graphics and Design;BC736301;Bachelor's Degree;4;Bloemfontein;30;Level 4 (50%);Not required;Not required;Not required;Not required;Engineering Graphics and Design Level 4 (50%) compulsory;No;30 September 2025;No Mathematics requirement;https://www.ufs.ac.za/docs/librariesprovider44/study-at-the-ufs/2026-ufs-prospectus.pdf;;;;;;;;;;;;;;;;;;;;;;;;
Education;BEd Senior and FET Phase — Natural Sciences, Maths/Maths and Life Sciences;BC736305 / QC736305;Bachelor's Degree;4;Bloemfontein / Qwaqwa;30;Level 4 (50%);Level 5 (60%);No;Level 5 (60%);Level 5 (60%);All three — Maths L5, Physical Sciences L5, Life Sciences L5 — are compulsory;No;30 September 2025;Highest subject requirements in Education faculty; prepares teachers for Science and Maths in Senior/FET phase;https://www.ufs.ac.za/docs/librariesprovider44/study-at-the-ufs/2026-ufs-prospectus.pdf;;;;;;;;;;;;;;;;;;;;;;;
Education;BEd Senior and FET Phase — Technology and Life Sciences;BC736308;Bachelor's Degree;4;Bloemfontein;30;Level 4 (50%);Not required;Not required;Level 5 (60%);Not required;Life Sciences Level 5 (60%) compulsory; no Maths required;No;30 September 2025;;https://www.ufs.ac.za/docs/librariesprovider44/study-at-the-ufs/2026-ufs-prospectus.pdf;;;;;;;;;;;;;;;;;;;;;;;
Education;BEd Senior and FET Phase — Sesotho HL and English FAL;BC736404 / QC736402;Bachelor's Degree;4;Bloemfontein / Qwaqwa;30;Level 4 (50%);Not required;Not required;Not required;Not required;Sesotho Home Language Level 4 (50%) compulsory;No;30 September 2025;;https://www.ufs.ac.za/docs/librariesprovider44/study-at-the-ufs/2026-ufs-prospectus.pdf;;;;;;;;;;;;;;;;;;;;;;;;
Education;BEd Senior and FET Phase — isiZulu HL and English FAL;QC736403;Bachelor's Degree;4;Qwaqwa;30;Level 4 (50%);Not required;Not required;Not required;Not required;isiZulu Home Language Level 4 (50%) compulsory;No;30 September 2025;Qwaqwa Campus only;https://www.ufs.ac.za/docs/librariesprovider44/study-at-the-ufs/2026-ufs-prospectus.pdf;;;;;;;;;;;;;;;;;;;;;;;;
Education;BEd Senior and FET Phase — Mathematics and Physical Sciences;BC736314 / QC736314;Bachelor's Degree;4;Bloemfontein / Qwaqwa;30;Level 4 (50%);Level 5 (60%);No;Not required;Level 5 (60%);Both Maths L5 AND Physical Sciences L5 compulsory;No;30 September 2025;;https://www.ufs.ac.za/docs/librariesprovider44/study-at-the-ufs/2026-ufs-prospectus.pdf;;;;;;;;;;;;;;;;;;;;;;;;
Education;BEd Senior and FET Phase — Sesotho HL and History;BC736511 / QC736511;Bachelor's Degree;4;Bloemfontein / Qwaqwa;30;Level 4 (50%);Not required;Not required;Not required;Not required;Sesotho Home Language Level 4 (50%) compulsory;No;30 September 2025;;https://www.ufs.ac.za/docs/librariesprovider44/study-at-the-ufs/2026-ufs-prospectus.pdf;;;;;;;;;;;;;;;;;;;;;;;;
Education;BEd Senior and FET Phase — isiZulu HL and History;QC736512;Bachelor's Degree;4;Qwaqwa;30;Level 4 (50%);Not required;Not required;Not required;Not required;isiZulu Home Language Level 4 (50%) compulsory;No;30 September 2025;Qwaqwa Campus only;https://www.ufs.ac.za/docs/librariesprovider44/study-at-the-ufs/2026-ufs-prospectus.pdf;;;;;;;;;;;;;;;;;;;;;;;;
Education;BEd Senior and FET Phase — English and History;BC736519;Bachelor's Degree;4;Bloemfontein;30;Level 4 (50%);Not required;Not required;Not required;Not required;No additional language subject requirement beyond English;No;30 September 2025;Bloemfontein Campus only;https://www.ufs.ac.za/docs/librariesprovider44/study-at-the-ufs/2026-ufs-prospectus.pdf;;;;;;;;;;;;;;;;;;;;;;;;
Education;BEd Senior and FET Phase — Afrikaans HL and English;BC736521;Bachelor's Degree;4;Bloemfontein;30;Level 4 (50%);Not required;Not required;Not required;Not required;Afrikaans Home Language Level 4 (50%) compulsory;No;30 September 2025;Bloemfontein Campus only;https://www.ufs.ac.za/docs/librariesprovider44/study-at-the-ufs/2026-ufs-prospectus.pdf;;;;;;;;;;;;;;;;;;;;;;;;
Education;BEd Senior and FET Phase — Geography and Life Sciences;QC736600 / BC736600;Bachelor's Degree;4;Bloemfontein / Qwaqwa;30;Level 4 (50%);Not required;Not required;Level 5 (60%);Not required;Geography Level 5 (60%) AND Life Sciences Level 5 (60%) compulsory;No;30 September 2025;;https://www.ufs.ac.za/docs/librariesprovider44/study-at-the-ufs/2026-ufs-prospectus.pdf;;;;;;;;;;;;;;;;;;;;;;;;
Health Sciences;Bachelor of Medicine and Bachelor of Surgery (MB ChB);BC834100;Bachelor's Degree (Professional);6;Bloemfontein;36;Level 5 (60%);Level 5 (60%);No;Level 5 (60%);Level 5 (60%);English L5 AND Mathematics L5 AND Life Sciences L5 AND Physical Sciences L5 all compulsory;Yes;3 May 2025;Highest AP requirement at UFS (36); programme is SUBJECT TO SELECTION;closing date is 3 May 2025 — much earlier than all other programmes; senior applicants must contact faculty directly; preferred programme MUST be first choice;https://www.ufs.ac.za/docs/librariesprovider44/study-at-the-ufs/2026-ufs-prospectus.pdf;;;;;;;;;;;;;;;;;;;;
Health Sciences;Bachelor of Medical Science in Radiation Science (BMedSc);BC831000;Bachelor's Degree;3;Bloemfontein;30;Level 5 (60%);Level 5 (60%);No;Level 5 (60%);Level 5 (60%);English L5 AND Maths L5 AND Life Sci L5 AND Phys Sci L5 all required;Yes;3 May 2025;All four core science subjects must be at Level 5;closing date 3 May 2025; subject to selection;https://www.ufs.ac.za/docs/librariesprovider44/study-at-the-ufs/2026-ufs-prospectus.pdf;;;;;;;;;;;;;;;;;;;;;;
Health Sciences;Bachelor of Optometry (BOptom);BC841302;Bachelor's Degree (Professional);4;Bloemfontein;33;Level 5 (60%);Level 4 (50%);No;Level 5 (60%);Level 5 (60%);Life Sciences L5 AND Physical Sciences L5 required;English at L5 (not L4);Yes;31 May 2025;Subject to selection;closing date 31 May 2025; preferred programme must be first choice; senior applicants contact fhsapplications@ufs.ac.za;https://www.ufs.ac.za/docs/librariesprovider44/study-at-the-ufs/2026-ufs-prospectus.pdf;;;;;;;;;;;;;;;;;;;;
Health Sciences;Bachelor of Science in Physiotherapy (BSc Physiotherapy);BC842002;Bachelor's Degree (Professional);4;Bloemfontein;33;Level 5 (60%);Level 4 (50%);No;Level 5 (60%);Level 4 (50%);English L5 required;Life Sci L5;PhysSci L4;Yes;31 May 2025;Subject to selection;closing date 31 May 2025; preferred programme must be first choice;https://www.ufs.ac.za/docs/librariesprovider44/study-at-the-ufs/2026-ufs-prospectus.pdf;;;;;;;;;;;;;;;;;;;;
Health Sciences;Bachelor of Science in Dietetics (BSc Dietetics);BC846002;Bachelor's Degree (Professional);4;Bloemfontein;33;Level 5 (60%);Level 4 (50%);No;Level 5 (60%);Level 4 (50%);English L5 required;Life Sci L5;PhysSci L4;Yes;31 May 2025;Subject to selection;closing date 31 May 2025; preferred programme must be first choice;https://www.ufs.ac.za/docs/librariesprovider44/study-at-the-ufs/2026-ufs-prospectus.pdf;;;;;;;;;;;;;;;;;;;;
Health Sciences;Bachelor of Occupational Therapy (BOccTher);BC843101;Bachelor's Degree (Professional);4;Bloemfontein;33;Level 5 (60%);Level 4 (50%);No;Level 5 (60%);Level 4 (50%);English L5 required;Life Sci L5;PhysSci L4;Yes;31 May 2025;Subject to selection;closing date 31 May 2025; preferred programme must be first choice;https://www.ufs.ac.za/docs/librariesprovider44/study-at-the-ufs/2026-ufs-prospectus.pdf;;;;;;;;;;;;;;;;;;;;
Health Sciences;Bachelor of Biokinetics (BBiok);BC844002;Bachelor's Degree (Professional);4;Bloemfontein;30;Level 5 (60%);Level 4 (50%);No;Level 4 (50%);Level 4 (50%);English L5 required;Life Sci L4;PhysSci L4;lower AP (30) than BSc allied health programmes;Yes;31 July 2025;Subject to selection;closing date 31 July 2025; HPCSA registration pathway;https://www.ufs.ac.za/docs/librariesprovider44/study-at-the-ufs/2026-ufs-prospectus.pdf;;;;;;;;;;;;;;;;;;;
Health Sciences;Bachelor of Sport Coaching (BSportCoach);BC834000;Bachelor's Degree;3;Bloemfontein;30;Level 4 (50%);Not required;Not applicable — no Maths requirement stated;Not required;Not required;No specific subject requirements beyond English;Yes;31 July 2025;Subject to selection;closing date 31 July 2025; no Mathematics requirement;https://www.ufs.ac.za/docs/librariesprovider44/study-at-the-ufs/2026-ufs-prospectus.pdf;;;;;;;;;;;;;;;;;;;;;;
Health Sciences;Bachelor of Nursing (BNursing);BC849000;Bachelor's Degree (Professional);4;Bloemfontein;30;Level 4 (50%);Level 3 (40%);Yes — Mathematical Literacy at Level 6 (70%) accepted as alternative to Mathematics;Level 5 (60%);Level 4 (50%);Either Mathematics L3 OR Mathematical Literacy L6 required;Life Sciences L5 AND Physical Sciences L4 required — both life and physical sciences compulsory;Yes;31 July 2025;Subject to selection;closing date 31 July 2025; SANC registration pathway; professional four-year degree;https://www.ufs.ac.za/docs/librariesprovider44/study-at-the-ufs/2026-ufs-prospectus.pdf;;;;;;;;;;;;;;;;;;;;
Law;Bachelor of Laws (LLB);BC340000;Bachelor's Degree (Professional);4;Bloemfontein;33;Level 6 (70%) — higher than default;Level 4 (50%);Yes — Mathematical Literacy at Level 6 (70%) accepted as alternative;Not required;Not required;English at Level 6 (70%) — significantly higher than the standard Level 4 for other faculties;either Maths L4 OR MathLit L6;No;30 September 2025;Very high English requirement (L6); Bloemfontein only; faculty located in judicial capital; close links with Legal Practice Council and courts;https://www.ufs.ac.za/docs/librariesprovider44/study-at-the-ufs/2026-ufs-prospectus.pdf;;;;;;;;;;;;;;;;;;;;
Natural and Agricultural Sciences;BSc Biological Sciences — multiple major combinations (BC);B4310 / various BC43xxxx codes;Bachelor's Degree;3;Bloemfontein;32;Level 4 (50%);Level 5 (60%);No;Level 5 (60%);Level 5 (60%);Mathematics L5 AND Life Sciences L5 AND Physical Sciences L5 all compulsory; majors selected in second year;No;30 September 2025;Available major combinations include: Biochemistry & Botany; Biochemistry & Entomology; Biochemistry & Genetics; Biochemistry & Microbiology; Biochemistry & Statistics; Biochemistry & Zoology; Biochemistry & Physiology; Botany & Entomology; Botany & Genetics; Botany & Microbiology; Botany & Plant Breeding; Botany & Plant Pathology; Botany & Zoology; Plant Health Ecology; Crop Health Management; Entomology & Genetics; Entomology & Microbiology; Entomology & Zoology; Behavioural Genetics; Genetics & Microbiology; Genetics & Physiology; Genetics & Zoology; Microbiology & Statistics; Microbiology & Zoology — all share identical admission requirements;https://www.ufs.ac.za/docs/librariesprovider44/study-at-the-ufs/2026-ufs-prospectus.pdf
Natural and Agricultural Sciences;BSc Biological Sciences — Forensic Sciences;BC433031;Bachelor's Degree;3;Bloemfontein;34;Level 4 (50%);Level 6 (70%);No;Level 6 (70%);Level 5 (60%);Higher AP (34) AND higher Maths (L6) AND higher Life Sciences (L6) compared to other Biological Sciences majors; no criminal record permitted;Yes;30 September 2025;Subject to selection;minimum AP 34 with cumulative AP of at least 17 across Maths + Life Sci + PhysSci combined; NO applicant with a criminal record will be admitted;closing date 30 September 2025;https://www.ufs.ac.za/docs/librariesprovider44/study-at-the-ufs/2026-ufs-prospectus.pdf;;;;;;;;;;;;;;;;;;;;
Natural and Agricultural Sciences;BSc Mathematical Sciences (BC);B4321 / BC43xxxx;Bachelor's Degree;3;Bloemfontein;32;Level 4 (50%);Level 6 (70%);No;Not required;Level 5 (60%);Mathematics at L6 (much higher than most programmes);Physical Sciences L5; available majors: Mathematics & Applied Mathematics; Mathematics & Chemistry; Mathematics & Mathematical Statistics; Mathematics & Physics;No;30 September 2025;Higher Mathematics threshold (L6); Physical Sciences required; Life Sciences not required;https://www.ufs.ac.za/docs/librariesprovider44/study-at-the-ufs/2026-ufs-prospectus.pdf;;;;;;;;;;;;;;;;;
Natural and Agricultural Sciences;BSc Actuarial Science (BC);B4324 / BC431000;Bachelor's Degree;3;Bloemfontein;34;Level 4 (50%);Level 6 (70%);No;Not required;Not required;Mathematics L6 compulsory; Physical Sciences not required;Yes;30 September 2025;Subject to selection; if unsuccessful in Actuarial Science application, may be offered Econometrics;high performers in Econometrics may enter Actuarial Science in year 3;https://www.ufs.ac.za/docs/librariesprovider44/study-at-the-ufs/2026-ufs-prospectus.pdf;;;;;;;;;;;;;;;;;;;;;
Natural and Agricultural Sciences;BSc Mathematical Statistics and Applied Statistics — Climate Sciences;BC433712;Bachelor's Degree;3;Bloemfontein;32;Level 4 (50%);Level 6 (70%);No;Not required;Level 4 (50%);Maths L6;PhysSci L4 (lower than most BSc programmes);No;30 September 2025;;https://www.ufs.ac.za/docs/librariesprovider44/study-at-the-ufs/2026-ufs-prospectus.pdf;;;;;;;;;;;;;;;;;;;;;;;
Natural and Agricultural Sciences;BSc Mathematical Statistics and Applied Statistics — Econometrics;BC433758;Bachelor's Degree;3;Bloemfontein;32;Level 4 (50%);Level 6 (70%);No;Not required;Not required;Maths L6; Physical Sciences not required;No;30 September 2025;;https://www.ufs.ac.za/docs/librariesprovider44/study-at-the-ufs/2026-ufs-prospectus.pdf;;;;;;;;;;;;;;;;;;;;;;;
Natural and Agricultural Sciences;BSc Mathematical Statistics and Applied Statistics — Psychometrics;BC433786;Bachelor's Degree;3;Bloemfontein;32;Level 4 (50%);Level 6 (70%);No;Not required;Not required;Maths L6; Physical Sciences not required;No;30 September 2025;;https://www.ufs.ac.za/docs/librariesprovider44/study-at-the-ufs/2026-ufs-prospectus.pdf;;;;;;;;;;;;;;;;;;;;;;;
Natural and Agricultural Sciences;BSc Mathematical Statistics and Applied Statistics — Statistics and Economics;BC434658;Bachelor's Degree;3;Bloemfontein;32;Level 4 (50%);Level 5 (60%);No;Not required;Not required;Maths L5 (lower than other stats majors); Physical Sciences not required;No;30 September 2025;;https://www.ufs.ac.za/docs/librariesprovider44/study-at-the-ufs/2026-ufs-prospectus.pdf;;;;;;;;;;;;;;;;;;;;;;;
Natural and Agricultural Sciences;BSc Mathematical Statistics and Applied Statistics — Statistics and Psychology;BC434686;Bachelor's Degree;3;Bloemfontein;32;Level 4 (50%);Level 5 (60%);No;Not required;Not required;Maths L5; Physical Sciences not required;No;30 September 2025;;https://www.ufs.ac.za/docs/librariesprovider44/study-at-the-ufs/2026-ufs-prospectus.pdf;;;;;;;;;;;;;;;;;;;;;;;
Natural and Agricultural Sciences;BSc Chemical Sciences — Chemistry and Biochemistry;BC432119;Bachelor's Degree;3;Bloemfontein;32;Level 4 (50%);Level 5 (60%);No;Level 5 (60%);Level 5 (60%);;No;30 September 2025;Limited numbers admitted to Chemistry as major in second year (merit-based);https://www.ufs.ac.za/docs/librariesprovider44/study-at-the-ufs/2026-ufs-prospectus.pdf;;;;;;;;;;;;;;;;;;;;;;;;
Natural and Agricultural Sciences;BSc Chemical Sciences — Chemistry and Microbiology;BC432139;Bachelor's Degree;3;Bloemfontein;32;Level 4 (50%);Level 5 (60%);No;Level 5 (60%);Level 5 (60%);;No;30 September 2025;;https://www.ufs.ac.za/docs/librariesprovider44/study-at-the-ufs/2026-ufs-prospectus.pdf;;;;;;;;;;;;;;;;;;;;;;;;
Natural and Agricultural Sciences;BSc Chemical Sciences — Chemistry and Physics;BC432140;Bachelor's Degree;3;Bloemfontein;32;Level 4 (50%);Level 5 (60%);No;Not required;Level 5 (60%);Life Sciences NOT required for this combination;No;30 September 2025;;https://www.ufs.ac.za/docs/librariesprovider44/study-at-the-ufs/2026-ufs-prospectus.pdf;;;;;;;;;;;;;;;;;;;;;;;;
Natural and Agricultural Sciences;BSc Chemical Sciences — Chemistry and Botany;BC432120;Bachelor's Degree;3;Bloemfontein;32;Level 4 (50%);Level 5 (60%);No;Level 5 (60%);Level 5 (60%);;No;30 September 2025;;https://www.ufs.ac.za/docs/librariesprovider44/study-at-the-ufs/2026-ufs-prospectus.pdf;;;;;;;;;;;;;;;;;;;;;;;;
Natural and Agricultural Sciences;BSc Physical Sciences — Physics and Agrometeorology;BC434012;Bachelor's Degree;3;Bloemfontein;32;Level 4 (50%);Level 5 (60%);No;Level 5 (60%);Level 5 (60%);;No;30 September 2025;;https://www.ufs.ac.za/docs/librariesprovider44/study-at-the-ufs/2026-ufs-prospectus.pdf;;;;;;;;;;;;;;;;;;;;;;;;
Natural and Agricultural Sciences;BSc Physical Sciences — Physics and Astrophysics;BC434017;Bachelor's Degree;3;Bloemfontein;32;Level 4 (50%);Level 6 (70%);No;Not required;Level 5 (60%);Higher Maths requirement (L6); Life Sciences not required;No;30 September 2025;;https://www.ufs.ac.za/docs/librariesprovider44/study-at-the-ufs/2026-ufs-prospectus.pdf;;;;;;;;;;;;;;;;;;;;;;;
Natural and Agricultural Sciences;BSc Physical Sciences with Engineering Subjects — Physics and Engineering;BC434026;Bachelor's Degree;3;Bloemfontein;30;Level 4 (50%);Level 6 (70%);No;Not required;Level 5 (60%);Maths L6;PhysSci L5;lower AP (30) than most BSc programmes despite high Maths requirement;Yes;30 September 2025;Subject to selection; Bloemfontein only; prepares students for engineering or applied physics careers;https://www.ufs.ac.za/docs/librariesprovider44/study-at-the-ufs/2026-ufs-prospectus.pdf;;;;;;;;;;;;;;;;;;;;
Natural and Agricultural Sciences;BSc Geography — Geography and Environmental Science;BC433362;Bachelor's Degree;3;Bloemfontein;32;Level 4 (50%);Level 5 (60%);No;Level 5 (60%);Not required;Maths L5 AND Life Sci L5; Physical Sciences NOT required;No;30 September 2025;;https://www.ufs.ac.za/docs/librariesprovider44/study-at-the-ufs/2026-ufs-prospectus.pdf;;;;;;;;;;;;;;;;;;;;;;;
Natural and Agricultural Sciences;BSc Geography — Geography (full specialisation);BC433333;Bachelor's Degree;3;Bloemfontein;32;Level 4 (50%);Level 5 (60%);No;Level 5 (60%);Level 5 (60%);Maths L5 AND Life Sci L5 AND PhysSci L5 all required;No;30 September 2025;;https://www.ufs.ac.za/docs/librariesprovider44/study-at-the-ufs/2026-ufs-prospectus.pdf;;;;;;;;;;;;;;;;;;;;;;;;
Natural and Agricultural Sciences;BSc Geography — Geoinformatics;BC430069;Bachelor's Degree;3;Bloemfontein;32;Level 4 (50%);Level 5 (60%);No;Level 5 (60%);Level 5 (60%);Maths L5 AND Life Sci L5 AND PhysSci L5 all required; GIS and spatial technology focus;No;30 September 2025;;https://www.ufs.ac.za/docs/librariesprovider44/study-at-the-ufs/2026-ufs-prospectus.pdf;;;;;;;;;;;;;;;;;;;;;;;
Natural and Agricultural Sciences;BSc Geology — multiple majors (Bloemfontein);B4341 / BC43xxxx;Bachelor's Degree;3;Bloemfontein;30;Level 4 (50%);Level 5 (60%);No;Not required;Level 5 (60%);Maths L5 AND PhysSci L5; Life Sciences NOT required;lower AP (30) than most BSc programmes;No;30 September 2025;Available majors: Geology & Chemistry; Environmental Geology; Geochemistry; Geology Specialisation; Geology & Physics — all share identical requirements; final admission subject to space;https://www.ufs.ac.za/docs/librariesprovider44/study-at-the-ufs/2026-ufs-prospectus.pdf;;;;;;;;;;;;;;;;;
Natural and Agricultural Sciences;BSc IT — Computer Science and Chemistry;BC432221;Bachelor's Degree;3;Bloemfontein;32;Level 4 (50%);Level 5 (60%);No;Not required;Level 5 (60%);Maths L5 AND PhysSci L5;No;30 September 2025;;https://www.ufs.ac.za/docs/librariesprovider44/study-at-the-ufs/2026-ufs-prospectus.pdf;;;;;;;;;;;;;;;;;;;;;;;;
Natural and Agricultural Sciences;BSc IT — Computer Science and Physics;BC432240;Bachelor's Degree;3;Bloemfontein;32;Level 4 (50%);Level 5 (60%);No;Not required;Level 5 (60%);Maths L5 AND PhysSci L5;No;30 September 2025;;https://www.ufs.ac.za/docs/librariesprovider44/study-at-the-ufs/2026-ufs-prospectus.pdf;;;;;;;;;;;;;;;;;;;;;;;;
Natural and Agricultural Sciences;BSc IT — Computer Science and Mathematical Statistics;BC432237;Bachelor's Degree;3;Bloemfontein;32;Level 4 (50%);Level 6 (70%);No;Not required;Level 5 (60%);Higher Maths (L6);PhysSci L5;No;30 September 2025;;https://www.ufs.ac.za/docs/librariesprovider44/study-at-the-ufs/2026-ufs-prospectus.pdf;;;;;;;;;;;;;;;;;;;;;;;
Natural and Agricultural Sciences;BSc IT — Computer Science and Mathematics;BC432238;Bachelor's Degree;3;Bloemfontein;32;Level 4 (50%);Level 6 (70%);No;Not required;Level 5 (60%);Higher Maths (L6);PhysSci L5;No;30 September 2025;;https://www.ufs.ac.za/docs/librariesprovider44/study-at-the-ufs/2026-ufs-prospectus.pdf;;;;;;;;;;;;;;;;;;;;;;;
Natural and Agricultural Sciences;BSc IT — Data Science;BC432295;Bachelor's Degree;3;Bloemfontein;32;Level 4 (50%);Level 6 (70%);No;Not required;Level 5 (60%);Maths L6 AND PhysSci L5;Yes;30 September 2025;Subject to selection process;https://www.ufs.ac.za/docs/librariesprovider44/study-at-the-ufs/2026-ufs-prospectus.pdf;;;;;;;;;;;;;;;;;;;;;;;;
Natural and Agricultural Sciences;BSc IT — Computer Science and Business Management;BC432255;Bachelor's Degree;3;Bloemfontein;32;Level 4 (50%);Level 5 (60%);No;Not required;Level 4 (50%);Maths L5;Physical Sciences at L4 (lower than other CS combinations);No;30 September 2025;Lower PhysSci requirement (L4) makes this combination more accessible;https://www.ufs.ac.za/docs/librariesprovider44/study-at-the-ufs/2026-ufs-prospectus.pdf;;;;;;;;;;;;;;;;;;;;;;;
Natural and Agricultural Sciences;Bachelor of Computer Information Systems (CompInfoSys);BC430156;Bachelor's Degree;3;Bloemfontein;30;Level 4 (50%);Level 4 (50%);No;Not required;Not required;Maths L4; Physical Sciences NOT required;lower AP (30) and lower Maths (L4) compared to BSc IT;No;30 September 2025;Lower entry threshold than BSc IT programmes; business-oriented IT qualification;https://www.ufs.ac.za/docs/librariesprovider44/study-at-the-ufs/2026-ufs-prospectus.pdf;;;;;;;;;;;;;;;;;;;;;
Natural and Agricultural Sciences;Bachelor of Sustainable Food Systems;BC430223;Bachelor's Degree;3;Bloemfontein;30;Level 4 (50%);Level 2 (30%);Yes — Mathematical Literacy at Level 5 (60%) also accepted;Not required;Not required;Very low Maths threshold (L2) or MathLit L5; no Life Sci or PhysSci requirement;No;30 September 2025;Lowest Maths requirement in the NAS faculty; interdisciplinary food systems degree;https://www.ufs.ac.za/docs/librariesprovider44/study-at-the-ufs/2026-ufs-prospectus.pdf;;;;;;;;;;;;;;;;;;;;;;
Natural and Agricultural Sciences;Bachelor of Architecture (BArch);BC430114;Bachelor's Degree;3;Bloemfontein;30;Level 4 (50%);Level 4 (50%);No;Not required;Not required;Maths L4; Life Sciences and Physical Sciences NOT required; portfolio/selection process required;Yes;31 July 2025;Subject to selection;must print and submit selection form to NoReplyArchiSelect@ufs.ac.za by 31 July 2025;notification of outcome by 30 November 2025; SACAP-accredited; graduates eligible to register as architectural draughtsperson, technologist or professional architect;https://www.ufs.ac.za/docs/librariesprovider44/study-at-the-ufs/2026-ufs-prospectus.pdf;;;;;;;;;;;;;;;;;;
Natural and Agricultural Sciences;BSc Construction Economics and Management — Full-time;BC432443;Bachelor's Degree;3;Bloemfontein;30;Level 4 (50%);Level 5 (60%);No;Not required;Not required;Maths L5;ONE of Economics OR Business Studies OR Accounting OR Physical Sciences at Level 4;Yes;30 September 2025;Subject to selection; SACQSP-, SACPCMP- and SACPVP-accredited;https://www.ufs.ac.za/docs/librariesprovider44/study-at-the-ufs/2026-ufs-prospectus.pdf;;;;;;;;;;;;;;;;;;;;;;
Natural and Agricultural Sciences;BSc Building Sciences — Construction Management (Compact Learning);BC432401;Bachelor's Degree;3;Bloemfontein;30;Level 4 (50%);Level 5 (60%);No;Not required;Not required;Maths L5;ONE of Economics OR Business Studies OR Accounting OR PhysSci at L4;Yes;30 September 2025;Compact Learning mode — applicant MUST be at least 23 years of age AND provide proof of full-time employment in the construction industry;https://www.ufs.ac.za/docs/librariesprovider44/study-at-the-ufs/2026-ufs-prospectus.pdf;;;;;;;;;;;;;;;;;;;;;;;
Natural and Agricultural Sciences;BSc Building Sciences — Quantity Surveying (Compact Learning);BC434301;Bachelor's Degree;3;Bloemfontein;30;Level 4 (50%);Level 5 (60%);No;Not required;Not required;Maths L5;ONE of Economics OR Business Studies OR Accounting OR PhysSci at L4;Yes;30 September 2025;Compact Learning mode — applicant MUST be at least 23 years of age AND provide proof of full-time employment in the construction industry;https://www.ufs.ac.za/docs/librariesprovider44/study-at-the-ufs/2026-ufs-prospectus.pdf;;;;;;;;;;;;;;;;;;;;;;;
Natural and Agricultural Sciences;Bachelor of Agriculture — Agricultural Extension;BC530147;Bachelor's Degree;4;Bloemfontein;30;Level 4 (50%);Level 3 (40%);Yes — Mathematical Literacy at Level 7 (80%) accepted IF AP is 31 or above;Not required;Not required;Maths L3 or MathLit L7 (with AP 31+);No;30 September 2025;Four-year professional degree; MathLit exemption NOT available for Agricultural Economics major;https://www.ufs.ac.za/docs/librariesprovider44/study-at-the-ufs/2026-ufs-prospectus.pdf;;;;;;;;;;;;;;;;;;;;;;;
Natural and Agricultural Sciences;Bachelor of Agriculture — Animal Production Management;BC530101;Bachelor's Degree;4;Bloemfontein;30;Level 4 (50%);Level 3 (40%);Yes — Mathematical Literacy at Level 7 (80%) accepted IF AP is 31 or above;Not required;Not required;Maths L3 or MathLit L7 (with AP 31+);No;30 September 2025;;https://www.ufs.ac.za/docs/librariesprovider44/study-at-the-ufs/2026-ufs-prospectus.pdf;;;;;;;;;;;;;;;;;;;;;;;;
Natural and Agricultural Sciences;Bachelor of Agriculture — Crop Production Management;BC530102;Bachelor's Degree;4;Bloemfontein;30;Level 4 (50%);Level 3 (40%);Yes — Mathematical Literacy at Level 7 (80%) accepted IF AP is 31 or above;Not required;Not required;Maths L3 or MathLit L7 (with AP 31+);No;30 September 2025;;https://www.ufs.ac.za/docs/librariesprovider44/study-at-the-ufs/2026-ufs-prospectus.pdf;;;;;;;;;;;;;;;;;;;;;;;;
Natural and Agricultural Sciences;Bachelor of Agriculture — Mixed Farming Management;BC530103;Bachelor's Degree;4;Bloemfontein;30;Level 4 (50%);Level 3 (40%);Yes — Mathematical Literacy at Level 7 (80%) accepted IF AP is 31 or above;Not required;Not required;Maths L3 or MathLit L7 (with AP 31+);No;30 September 2025;;https://www.ufs.ac.za/docs/librariesprovider44/study-at-the-ufs/2026-ufs-prospectus.pdf;;;;;;;;;;;;;;;;;;;;;;;;
Natural and Agricultural Sciences;Bachelor of Agriculture — Irrigation Management;BC530172;Bachelor's Degree;4;Bloemfontein;30;Level 4 (50%);Level 3 (40%);Yes — Mathematical Literacy at Level 7 (80%) accepted IF AP is 31 or above;Not required;Not required;Maths L3 or MathLit L7 (with AP 31+);No;30 September 2025;;https://www.ufs.ac.za/docs/librariesprovider44/study-at-the-ufs/2026-ufs-prospectus.pdf;;;;;;;;;;;;;;;;;;;;;;;;
Natural and Agricultural Sciences;Bachelor of Agriculture — Agricultural Economics;BC530111;Bachelor's Degree;4;Bloemfontein;30;Level 4 (50%);Level 4 (50%);No — MathLit NOT accepted for Agricultural Economics;Not required;Not required;Higher Maths requirement (L4); MathLit explicitly NOT accepted for this major;No;30 September 2025;Mathematical Literacy is NOT acceptable for Agricultural Economics — Maths L4 compulsory;https://www.ufs.ac.za/docs/librariesprovider44/study-at-the-ufs/2026-ufs-prospectus.pdf;;;;;;;;;;;;;;;;;;;;;;;
Natural and Agricultural Sciences;Bachelor of Agriculture — Agricultural Management;BC530152;Bachelor's Degree;4;Bloemfontein;30;Level 4 (50%);Level 3 (40%);Yes — Mathematical Literacy at Level 7 (80%) accepted IF AP is 31 or above;Not required;Not required;Maths L3 or MathLit L7 (with AP 31+);No;30 September 2025;;https://www.ufs.ac.za/docs/librariesprovider44/study-at-the-ufs/2026-ufs-prospectus.pdf;;;;;;;;;;;;;;;;;;;;;;;;
Natural and Agricultural Sciences;BSc Agriculture — Animal Science;BC540015;Bachelor's Degree;4;Bloemfontein;32;Level 4 (50%);Level 5 (60%);No;Level 5 (60%);Level 5 (60%);Maths L5;PLUS two of Life Sciences / Agricultural Sciences / Physical Sciences at L5; Physical Sciences compulsory if Chemistry modules are required;No;30 September 2025;VERY IMPORTANT: Life Sciences OR Agricultural Sciences (with PhysSci and Maths) required for all BSc Agriculture programmes except BSc Agricultural Economics;https://www.ufs.ac.za/docs/librariesprovider44/study-at-the-ufs/2026-ufs-prospectus.pdf;;;;;;;;;;;;;;;;;;;;;;
Natural and Agricultural Sciences;BSc Agriculture — Agrometeorology;BC540012;Bachelor's Degree;4;Bloemfontein;32;Level 4 (50%);Level 5 (60%);No;Level 5 (60%);Level 5 (60%);Two of Life Sciences / Agricultural Sciences / Physical Sciences at L5;No;30 September 2025;;https://www.ufs.ac.za/docs/librariesprovider44/study-at-the-ufs/2026-ufs-prospectus.pdf;;;;;;;;;;;;;;;;;;;;;;;;
Natural and Agricultural Sciences;BSc Agriculture — Agronomy;BC540013;Bachelor's Degree;4;Bloemfontein;32;Level 4 (50%);Level 5 (60%);No;Level 5 (60%);Level 5 (60%);Two of Life Sciences / Agricultural Sciences / Physical Sciences at L5;No;30 September 2025;;https://www.ufs.ac.za/docs/librariesprovider44/study-at-the-ufs/2026-ufs-prospectus.pdf;;;;;;;;;;;;;;;;;;;;;;;;
Natural and Agricultural Sciences;BSc Agriculture — Soil Science;BC540044;Bachelor's Degree;4;Bloemfontein;32;Level 4 (50%);Level 5 (60%);No;Level 5 (60%);Level 5 (60%);Two of Life Sciences / Agricultural Sciences / Physical Sciences at L5;No;30 September 2025;;https://www.ufs.ac.za/docs/librariesprovider44/study-at-the-ufs/2026-ufs-prospectus.pdf;;;;;;;;;;;;;;;;;;;;;;;;
Natural and Agricultural Sciences;BSc Agriculture — Plant Breeding;BC540041;Bachelor's Degree;4;Bloemfontein;32;Level 4 (50%);Level 5 (60%);No;Level 5 (60%);Level 5 (60%);Two of Life Sciences / Agricultural Sciences / Physical Sciences at L5;No;30 September 2025;;https://www.ufs.ac.za/docs/librariesprovider44/study-at-the-ufs/2026-ufs-prospectus.pdf;;;;;;;;;;;;;;;;;;;;;;;;
Natural and Agricultural Sciences;BSc Agriculture — Plant Pathology;BC540042;Bachelor's Degree;4;Bloemfontein;32;Level 4 (50%);Level 5 (60%);No;Level 5 (60%);Level 5 (60%);Two of Life Sciences / Agricultural Sciences / Physical Sciences at L5;No;30 September 2025;;https://www.ufs.ac.za/docs/librariesprovider44/study-at-the-ufs/2026-ufs-prospectus.pdf;;;;;;;;;;;;;;;;;;;;;;;;
Natural and Agricultural Sciences;BSc in Agricultural Economics;BC431100;Bachelor's Degree;3;Bloemfontein;32;Level 4 (50%);Level 5 (60%);No;Not required;Not required;Maths L5; Life Sciences and Physical Sciences NOT required;No;30 September 2025;Three-year degree; distinct from four-year Bachelor of Agriculture in Agricultural Economics;https://www.ufs.ac.za/docs/librariesprovider44/study-at-the-ufs/2026-ufs-prospectus.pdf;;;;;;;;;;;;;;;;;;;;;;
Natural and Agricultural Sciences;BSc Biological Sciences — Botany and Life Sciences (Qwaqwa);QC432075;Bachelor's Degree;3;Qwaqwa;32;Level 4 (50%);Level 5 (60%);No;Level 5 (60%);Level 5 (60%);;No;30 September 2025;Qwaqwa Campus only; students must pass first-semester modules to continue to second semester;https://www.ufs.ac.za/docs/librariesprovider44/study-at-the-ufs/2026-ufs-prospectus.pdf;;;;;;;;;;;;;;;;;;;;;;;
Natural and Agricultural Sciences;BSc Biological Sciences — Life Sciences (Qwaqwa);QC437500;Bachelor's Degree;3;Qwaqwa;32;Level 4 (50%);Level 5 (60%);No;Level 5 (60%);Level 5 (60%);;No;30 September 2025;Qwaqwa Campus only;https://www.ufs.ac.za/docs/librariesprovider44/study-at-the-ufs/2026-ufs-prospectus.pdf;;;;;;;;;;;;;;;;;;;;;;;;
Natural and Agricultural Sciences;BSc Biological Sciences — Zoology and Life Sciences (Qwaqwa);QC434975;Bachelor's Degree;3;Qwaqwa;32;Level 4 (50%);Level 5 (60%);No;Level 5 (60%);Level 5 (60%);;No;30 September 2025;Qwaqwa Campus only;https://www.ufs.ac.za/docs/librariesprovider44/study-at-the-ufs/2026-ufs-prospectus.pdf;;;;;;;;;;;;;;;;;;;;;;;;
Natural and Agricultural Sciences;BSc Chemical Sciences — Chemistry and Physics (Qwaqwa);QC432140;Bachelor's Degree;3;Qwaqwa;32;Level 4 (50%);Level 5 (60%);No;Not required;Level 5 (60%);Maths L5 AND PhysSci L5; Life Sciences not required;No;30 September 2025;Qwaqwa Campus only;https://www.ufs.ac.za/docs/librariesprovider44/study-at-the-ufs/2026-ufs-prospectus.pdf;;;;;;;;;;;;;;;;;;;;;;;
Natural and Agricultural Sciences;BSc Chemical Sciences — Chemistry and Botany (Qwaqwa);QC432120;Bachelor's Degree;3;Qwaqwa;32;Level 4 (50%);Level 5 (60%);No;Level 5 (60%);Level 5 (60%);Maths L5 AND Life Sci L5 AND PhysSci L5;No;30 September 2025;Qwaqwa Campus only;https://www.ufs.ac.za/docs/librariesprovider44/study-at-the-ufs/2026-ufs-prospectus.pdf;;;;;;;;;;;;;;;;;;;;;;;;
Natural and Agricultural Sciences;BSc IT — Computer Science and Chemistry (Qwaqwa);QC432221;Bachelor's Degree;3;Qwaqwa;32;Level 4 (50%);Level 5 (60%);No;Level 5 (60%);Not required;Maths L5 AND Life Sci L5; Physical Sciences not listed as separate requirement;No;30 September 2025;Qwaqwa Campus only;https://www.ufs.ac.za/docs/librariesprovider44/study-at-the-ufs/2026-ufs-prospectus.pdf;;;;;;;;;;;;;;;;;;;;;;;
Natural and Agricultural Sciences;BSc IT — Computer Science and Physics (Qwaqwa);QC432240;Bachelor's Degree;3;Qwaqwa;32;Level 4 (50%);Level 5 (60%);No;Level 5 (60%);Not required;Maths L5 AND Life Sci L5;No;30 September 2025;Qwaqwa Campus only;https://www.ufs.ac.za/docs/librariesprovider44/study-at-the-ufs/2026-ufs-prospectus.pdf;;;;;;;;;;;;;;;;;;;;;;;;
Natural and Agricultural Sciences;BSc IT — Computer Science and Management (Qwaqwa);QC432202;Bachelor's Degree;3;Qwaqwa;32;Level 4 (50%);Level 5 (60%);No;Level 4 (50%);Not required;Maths L5;Life Sciences at L4 (lower than science combinations); Physical Sciences not required;No;30 September 2025;Qwaqwa Campus only; management component reduces science thresholds;https://www.ufs.ac.za/docs/librariesprovider44/study-at-the-ufs/2026-ufs-prospectus.pdf;;;;;;;;;;;;;;;;;;;;;
Natural and Agricultural Sciences;BSc Geography — Geography and Environmental Geography (Qwaqwa);QC433359;Bachelor's Degree;3;Qwaqwa;32;Level 4 (50%);Level 5 (60%);No;Level 5 (60%);Not required;Maths L5 AND Life Sci L5; Physical Sciences not required;No;30 September 2025;Qwaqwa Campus only;https://www.ufs.ac.za/docs/librariesprovider44/study-at-the-ufs/2026-ufs-prospectus.pdf;;;;;;;;;;;;;;;;;;;;;;;
Natural and Agricultural Sciences;BSc Geography — Geography (Qwaqwa);QC433333;Bachelor's Degree;3;Qwaqwa;32;Level 4 (50%);Level 5 (60%);No;Level 5 (60%);Level 5 (60%);Maths L5 AND Life Sci L5 AND PhysSci L5;No;30 September 2025;Qwaqwa Campus only;https://www.ufs.ac.za/docs/librariesprovider44/study-at-the-ufs/2026-ufs-prospectus.pdf;;;;;;;;;;;;;;;;;;;;;;;;
Humanities;Higher Certificate in Music Performance;BC111044;Higher Certificate;1;Bloemfontein;20;Level 4 (50%);Not required;Not required;Not required;Not required;Compulsory audition and musical aptitude test on chosen instrument or singing before 30 September 2025;Yes;30 September 2025;Lowest AP requirement at UFS (20); subject to selection;contact Odeion School of Music on +27 51 401 2810 or osm@ufs.ac.za for audition appointment;https://www.ufs.ac.za/docs/librariesprovider44/study-at-the-ufs/2026-ufs-prospectus.pdf;;;;;;;;;;;;;;;;;;;;;;
Humanities;Diploma in Music;BC120044;Diploma;3;Bloemfontein;25;Level 4 (50%);Not required;Not required;Not required;Not required;Unisa Grade 5 in principal instrument or voice (or equivalent);Unisa Grade 3 Music Theory advised;compulsory audition and theory proficiency test before 30 September 2025;Yes;30 September 2025;Subject to selection; contact Odeion School of Music for audition appointment;https://www.ufs.ac.za/docs/librariesprovider44/study-at-the-ufs/2026-ufs-prospectus.pdf;;;;;;;;;;;;;;;;;;;;;
Humanities;BA Language Practice;BC130039;Bachelor's Degree;3;Bloemfontein;30;Level 5 (60%) — higher than default;Home Language OR 65% for First Additional Language;Not required;Not required;Not required;Not required;HL at Level 5 OR FAL at 65%; A second additional language does NOT count for admission;Yes;30 September 2025;Subject to selection; higher English requirement than other BA programmes;https://www.ufs.ac.za/docs/librariesprovider44/study-at-the-ufs/2026-ufs-prospectus.pdf;;;;;;;;;;;;;;;;;;;;;
Humanities;BA Governance and Political Transformation;BC130031;Bachelor's Degree;3;Bloemfontein;30;Level 4 (50%);Not required;Not required;Not required;Not required;;No;30 September 2025;;https://www.ufs.ac.za/docs/librariesprovider44/study-at-the-ufs/2026-ufs-prospectus.pdf;;;;;;;;;;;;;;;;;;;;;;;;
Humanities;BA Integrated Organisational Communication;BC130038;Bachelor's Degree;3;Bloemfontein;30;Level 4 (50%);Not required;Not required;Not required;Not required;;No;30 September 2025;;https://www.ufs.ac.za/docs/librariesprovider44/study-at-the-ufs/2026-ufs-prospectus.pdf;;;;;;;;;;;;;;;;;;;;;;;;
Humanities;BA Journalism;BC130035;Bachelor's Degree;3;Bloemfontein;30;Level 4 (50%);Not required;Not required;Not required;Not required;;No;30 September 2025;;https://www.ufs.ac.za/docs/librariesprovider44/study-at-the-ufs/2026-ufs-prospectus.pdf;;;;;;;;;;;;;;;;;;;;;;;;
Humanities;BA Fine Arts;BC140025;Bachelor's Degree;3;Bloemfontein;30;Level 4 (50%);Not required;Not required;Not required;Not required;Portfolio of creative work and selection form required;closing date for portfolio submission 30 September 2025;Yes;30 September 2025;Subject to selection; portfolio required;https://www.ufs.ac.za/docs/librariesprovider44/study-at-the-ufs/2026-ufs-prospectus.pdf;;;;;;;;;;;;;;;;;;;;;;
Humanities;BA Drama and Theatre Arts;BC130020;Bachelor's Degree;3;Bloemfontein;30;Level 4 (50%);Not required;Not required;Not required;Not required;Drama experience at school level recommended; compulsory audition and interview for selection;Yes;30 September 2025;Subject to selection; audition required;https://www.ufs.ac.za/docs/librariesprovider44/study-at-the-ufs/2026-ufs-prospectus.pdf;;;;;;;;;;;;;;;;;;;;;;
Humanities;BA General;BC137000;Bachelor's Degree;3;Bloemfontein;30;Level 4 (50%);Not required;Not required;Not required;Not required;Students wishing to major in Geography must have passed Mathematics at Grade 12 Level 3 (40%); wide range of majors available;No;30 September 2025;Available majors include: Ancient Near Eastern Studies; Philosophy; History; Classical Studies; Classical Languages; Art History and Image Studies; Linguistics;Geography (Maths L3 required); Political Science; Criminology; Psychology; English; Hebrew; Arabic; French; German; Anthropology; Sociology; Sesotho HL; isiZulu HL; Afrikaans; South African Sign Language;https://www.ufs.ac.za/docs/librariesprovider44/study-at-the-ufs/2026-ufs-prospectus.pdf;;
Humanities;BA specialising in Languages;BC137500;Bachelor's Degree;3;Bloemfontein;30;Level 4 (50%);Not required;Not required;Not required;Not required;;No;30 September 2025;;https://www.ufs.ac.za/docs/librariesprovider44/study-at-the-ufs/2026-ufs-prospectus.pdf;;;;;;;;;;;;;;;;;;;;;;;;
Humanities;Bachelor of Music (BMus) / BA Music;BC140544;Bachelor's Degree;3;Bloemfontein;30;Level 4 (50%);Not required;Not required;Not required;Not required;Unisa Grade 7 in principal instrument or voice;Unisa Grade 5 Music Theory;compulsory audition and theory proficiency test before 30 September 2025;Yes;30 September 2025;Subject to selection;high prior musical attainment required (Unisa Grade 7 instrument or voice);https://www.ufs.ac.za/docs/librariesprovider44/study-at-the-ufs/2026-ufs-prospectus.pdf;;;;;;;;;;;;;;;;;;;;;
Humanities;Bachelor of Social Sciences (BSocSci);BC138000;Bachelor's Degree;3;Bloemfontein;30;Level 4 (50%);Not required;Not required;Not required;Not required;Two-major degree; available majors: Psychology; Sociology; Anthropology; Criminology; Political Science; Industrial Psychology;No;30 September 2025;;https://www.ufs.ac.za/docs/librariesprovider44/study-at-the-ufs/2026-ufs-prospectus.pdf;;;;;;;;;;;;;;;;;;
Humanities;Bachelor of Social Work;BC140250;Bachelor's Degree;4;Bloemfontein;30;Level 5 (60%) — higher than default;Not required;Not required;Not required;Not required;Higher English requirement (L5); four-year professional degree;Yes;31 July 2025;Subject to selection;closing date 31 July 2025; SACSSP registration pathway;https://www.ufs.ac.za/docs/librariesprovider44/study-at-the-ufs/2026-ufs-prospectus.pdf;;;;;;;;;;;;;;;;;;;;;
Humanities;BA General (Qwaqwa);QC137000;Bachelor's Degree;3;Qwaqwa;30;Level 4 (50%);Not required;Not required;Not required;Not required;;No;30 September 2025;Qwaqwa Campus only;https://www.ufs.ac.za/docs/librariesprovider44/study-at-the-ufs/2026-ufs-prospectus.pdf;;;;;;;;;;;;;;;;;;;;;;;;
Humanities;Bachelor of Social Sciences (BSocSci) (Qwaqwa);QC138000;Bachelor's Degree;3;Qwaqwa;30;Level 4 (50%);Not required;Not required;Not required;Not required;Same two-major structure as Bloemfontein BSocSci;No;30 September 2025;Qwaqwa Campus only;https://www.ufs.ac.za/docs/librariesprovider44/study-at-the-ufs/2026-ufs-prospectus.pdf;;;;;;;;;;;;;;;;;;;;;;;;
Humanities;Bachelor of Community Development (BCommDev) (Qwaqwa);QC140400;Bachelor's Degree;4;Qwaqwa;30;Level 5 (60%) — higher than default;Not required;Not required;Not required;Not required;Higher English requirement (L5);alternatively: Diploma in Vocational Skills with minimum Level 4 pass in English also acceptable;Yes;30 August 2025;Subject to selection; Qwaqwa Campus only;closing date 30 August 2025;https://www.ufs.ac.za/docs/librariesprovider44/study-at-the-ufs/2026-ufs-prospectus.pdf;;;;;;;;;;;;;;;;;;;;;
Theology and Religion;Bachelor of Divinity (BDiv);BC940301;Bachelor's Degree;4;Bloemfontein;28;Level 4 (50%);Not required;Not required;Not required;Not required;Selection form COMPULSORY — link available during online application; applicants who have not completed selection form will NOT be considered; UFS Academic Literacy test required at registration;Yes;30 September 2025;Lowest AP among degree-granting faculties (28); subject to committee selection based on submitted selection form; Bloemfontein only;https://www.ufs.ac.za/docs/librariesprovider44/study-at-the-ufs/2026-ufs-prospectus.pdf;;;;;;;;;;;;;;;;;;;;